{
   "library" : {
      "identifier" : {
         "id" : "RatioExample",
         "version" : "0.0.001"
      },
      "schemaIdentifier" : {
         "id" : "urn:hl7-org:elm",
         "version" : "r1"
      },
      "usings" : {
         "def" : [ {
            "localIdentifier" : "System",
            "uri" : "urn:hl7-org:elm-types:r1"
         }, {
            "localId" : "1",
            "locator" : "3:1-3:23",
            "localIdentifier" : "QDM",
            "uri" : "urn:healthit-gov:qdm:v5_5",
            "version" : "5.5"
         } ]
      },
      "includes" : {
         "def" : [ {
            "localId" : "2",
            "locator" : "5:1-5:64",
            "localIdentifier" : "Global",
            "path" : "MATGlobalCommonFunctions",
            "version" : "6.2.000"
         } ]
      },
      "valueSets" : {
         "def" : [ {
            "localId" : "3",
            "locator" : "7:1-7:58",
            "name" : "Ethnicity",
            "id" : "urn:oid:2.16.840.1.114222.4.11.837",
            "accessLevel" : "Public"
         }, {
            "localId" : "4",
            "locator" : "8:1-8:68",
            "name" : "ONC Administrative Sex",
            "id" : "urn:oid:2.16.840.1.113762.1.4.1",
            "accessLevel" : "Public"
         }, {
            "localId" : "5",
            "locator" : "9:1-9:55",
            "name" : "Payer",
            "id" : "urn:oid:2.16.840.1.114222.4.11.3591",
            "accessLevel" : "Public"
         }, {
            "localId" : "6",
            "locator" : "10:1-10:53",
            "name" : "Race",
            "id" : "urn:oid:2.16.840.1.114222.4.11.836",
            "accessLevel" : "Public"
         } ]
      },
      "statements" : {
         "def" : [ {
            "locator" : "12:1-12:15",
            "name" : "Patient",
            "context" : "Patient",
            "expression" : {
               "type" : "SingletonFrom",
               "operand" : {
                  "locator" : "12:1-12:15",
                  "dataType" : "{urn:healthit-gov:qdm:v5_5}Patient",
                  "templateId" : "Patient",
                  "type" : "Retrieve"
               }
            }
         }, {
            "localId" : "8",
            "locator" : "14:1-15:51",
            "name" : "SDE Ethnicity",
            "context" : "Patient",
            "accessLevel" : "Public",
            "annotation" : [ {
               "type" : "Annotation",
               "s" : {
                  "r" : "8",
                  "s" : [ {
                     "value" : [ "define ","\"SDE Ethnicity\"",":\n  " ]
                  }, {
                     "r" : "7",
                     "s" : [ {
                        "value" : [ "[","\"Patient Characteristic Ethnicity\"",": " ]
                     }, {
                        "s" : [ {
                           "value" : [ "\"Ethnicity\"" ]
                        } ]
                     }, {
                        "value" : [ "]" ]
                     } ]
                  } ]
               }
            } ],
            "expression" : {
               "localId" : "7",
               "locator" : "15:3-15:51",
               "dataType" : "{urn:healthit-gov:qdm:v5_5}PatientCharacteristicEthnicity",
               "codeProperty" : "code",
               "type" : "Retrieve",
               "codes" : {
                  "locator" : "15:40-15:50",
                  "name" : "Ethnicity",
                  "type" : "ValueSetRef"
               }
            }
         }, {
            "localId" : "10",
            "locator" : "17:1-18:43",
            "name" : "SDE Payer",
            "context" : "Patient",
            "accessLevel" : "Public",
            "annotation" : [ {
               "type" : "Annotation",
               "s" : {
                  "r" : "10",
                  "s" : [ {
                     "value" : [ "define ","\"SDE Payer\"",":\n  " ]
                  }, {
                     "r" : "9",
                     "s" : [ {
                        "value" : [ "[","\"Patient Characteristic Payer\"",": " ]
                     }, {
                        "s" : [ {
                           "value" : [ "\"Payer\"" ]
                        } ]
                     }, {
                        "value" : [ "]" ]
                     } ]
                  } ]
               }
            } ],
            "expression" : {
               "localId" : "9",
               "locator" : "18:3-18:43",
               "dataType" : "{urn:healthit-gov:qdm:v5_5}PatientCharacteristicPayer",
               "codeProperty" : "code",
               "type" : "Retrieve",
               "codes" : {
                  "locator" : "18:36-18:42",
                  "name" : "Payer",
                  "type" : "ValueSetRef"
               }
            }
         }, {
            "localId" : "12",
            "locator" : "20:1-21:41",
            "name" : "SDE Race",
            "context" : "Patient",
            "accessLevel" : "Public",
            "annotation" : [ {
               "type" : "Annotation",
               "s" : {
                  "r" : "12",
                  "s" : [ {
                     "value" : [ "define ","\"SDE Race\"",":\n  " ]
                  }, {
                     "r" : "11",
                     "s" : [ {
                        "value" : [ "[","\"Patient Characteristic Race\"",": " ]
                     }, {
                        "s" : [ {
                           "value" : [ "\"Race\"" ]
                        } ]
                     }, {
                        "value" : [ "]" ]
                     } ]
                  } ]
               }
            } ],
            "expression" : {
               "localId" : "11",
               "locator" : "21:3-21:41",
               "dataType" : "{urn:healthit-gov:qdm:v5_5}PatientCharacteristicRace",
               "codeProperty" : "code",
               "type" : "Retrieve",
               "codes" : {
                  "locator" : "21:35-21:40",
                  "name" : "Race",
                  "type" : "ValueSetRef"
               }
            }
         }, {
            "localId" : "14",
            "locator" : "23:1-24:58",
            "name" : "SDE Sex",
            "context" : "Patient",
            "accessLevel" : "Public",
            "annotation" : [ {
               "type" : "Annotation",
               "s" : {
                  "r" : "14",
                  "s" : [ {
                     "value" : [ "define ","\"SDE Sex\"",":\n  " ]
                  }, {
                     "r" : "13",
                     "s" : [ {
                        "value" : [ "[","\"Patient Characteristic Sex\"",": " ]
                     }, {
                        "s" : [ {
                           "value" : [ "\"ONC Administrative Sex\"" ]
                        } ]
                     }, {
                        "value" : [ "]" ]
                     } ]
                  } ]
               }
            } ],
            "expression" : {
               "localId" : "13",
               "locator" : "24:3-24:58",
               "dataType" : "{urn:healthit-gov:qdm:v5_5}PatientCharacteristicSex",
               "codeProperty" : "code",
               "type" : "Retrieve",
               "codes" : {
                  "locator" : "24:34-24:57",
                  "name" : "ONC Administrative Sex",
                  "type" : "ValueSetRef"
               }
            }
         }, {
            "localId" : "16",
            "locator" : "26:1-27:26",
            "name" : "Qualifying Encounters",
            "context" : "Patient",
            "accessLevel" : "Public",
            "annotation" : [ {
               "type" : "Annotation",
               "s" : {
                  "r" : "16",
                  "s" : [ {
                     "value" : [ "define ","\"Qualifying Encounters\"",":\n  " ]
                  }, {
                     "r" : "15",
                     "s" : [ {
                        "value" : [ "[","\"Encounter, Performed\"","]" ]
                     } ]
                  } ]
               }
            } ],
            "expression" : {
               "localId" : "15",
               "locator" : "27:3-27:26",
               "dataType" : "{urn:healthit-gov:qdm:v5_5}PositiveEncounterPerformed",
               "templateId" : "PositiveEncounterPerformed",
               "type" : "Retrieve"
            }
         }, {
            "localId" : "18",
            "locator" : "29:1-30:25",
            "name" : "Initial Population",
            "context" : "Patient",
            "accessLevel" : "Public",
            "annotation" : [ {
               "type" : "Annotation",
               "s" : {
                  "r" : "18",
                  "s" : [ {
                     "value" : [ "define ","\"Initial Population\"",":\n  " ]
                  }, {
                     "r" : "17",
                     "s" : [ {
                        "value" : [ "\"Qualifying Encounters\"" ]
                     } ]
                  } ]
               }
            } ],
            "expression" : {
               "localId" : "17",
               "locator" : "30:3-30:25",
               "name" : "Qualifying Encounters",
               "type" : "ExpressionRef"
            }
         }, {
            "localId" : "20",
            "locator" : "32:1-33:22",
            "name" : "Denominator",
            "context" : "Patient",
            "accessLevel" : "Public",
            "annotation" : [ {
               "type" : "Annotation",
               "s" : {
                  "r" : "20",
                  "s" : [ {
                     "value" : [ "define ","\"Denominator\"",":\n  " ]
                  }, {
                     "r" : "19",
                     "s" : [ {
                        "value" : [ "\"Initial Population\"" ]
                     } ]
                  } ]
               }
            } ],
            "expression" : {
               "localId" : "19",
               "locator" : "33:3-33:22",
               "name" : "Initial Population",
               "type" : "ExpressionRef"
            }
         }, {
            "localId" : "22",
            "locator" : "35:1-36:22",
            "name" : "Numerator",
            "context" : "Patient",
            "accessLevel" : "Public",
            "annotation" : [ {
               "type" : "Annotation",
               "s" : {
                  "r" : "22",
                  "s" : [ {
                     "value" : [ "define ","\"Numerator\"",":\n  " ]
                  }, {
                     "r" : "21",
                     "s" : [ {
                        "value" : [ "\"Initial Population\"" ]
                     } ]
                  } ]
               }
            } ],
            "expression" : {
               "localId" : "21",
               "locator" : "36:3-36:22",
               "name" : "Initial Population",
               "type" : "ExpressionRef"
            }
         }, {
            "localId" : "24",
            "locator" : "38:1-39:27",
            "name" : "Falls with Major Injury",
            "context" : "Patient",
            "accessLevel" : "Public",
            "annotation" : [ {
               "type" : "Annotation",
               "s" : {
                  "r" : "24",
                  "s" : [ {
                     "value" : [ "define ","\"Falls with Major Injury\"",":\n  " ]
                  }, {
                     "r" : "23",
                     "s" : [ {
                        "value" : [ "[","\"Assessment, Performed\"","]" ]
                     } ]
                  } ]
               }
            } ],
            "expression" : {
               "localId" : "23",
               "locator" : "39:3-39:27",
               "dataType" : "{urn:healthit-gov:qdm:v5_5}PositiveAssessmentPerformed",
               "templateId" : "PositiveAssessmentPerformed",
               "type" : "Retrieve"
            }
         }, {
            "localId" : "32",
            "locator" : "41:1-42:64",
            "name" : "Denominator Observation",
            "context" : "Patient",
            "accessLevel" : "Public",
            "type" : "FunctionDef",
            "annotation" : [ {
               "type" : "Annotation",
               "s" : {
                  "r" : "32",
                  "s" : [ {
                     "value" : [ "define function ","\"Denominator Observation\"","(","Encounter"," " ]
                  }, {
                     "r" : "25",
                     "s" : [ {
                        "value" : [ "\"Encounter, Performed\"" ]
                     } ]
                  }, {
                     "value" : [ " ):\n  " ]
                  }, {
                     "r" : "31",
                     "s" : [ {
                        "r" : "31",
                        "s" : [ {
                           "r" : "29",
                           "s" : [ {
                              "value" : [ "duration in hours of " ]
                           }, {
                              "r" : "28",
                              "s" : [ {
                                 "r" : "26",
                                 "s" : [ {
                                    "value" : [ "Global" ]
                                 } ]
                              }, {
                                 "value" : [ "." ]
                              }, {
                                 "r" : "28",
                                 "s" : [ {
                                    "value" : [ "Hospitalization"," ( " ]
                                 }, {
                                    "r" : "27",
                                    "s" : [ {
                                       "value" : [ "Encounter" ]
                                    } ]
                                 }, {
                                    "value" : [ " )" ]
                                 } ]
                              } ]
                           } ]
                        }, {
                           "r" : "30",
                           "value" : [ " / ","24" ]
                        } ]
                     } ]
                  } ]
               }
            } ],
            "expression" : {
               "localId" : "31",
               "locator" : "42:3-42:64",
               "type" : "Divide",
               "operand" : [ {
                  "type" : "ToDecimal",
                  "operand" : {
                     "localId" : "29",
                     "locator" : "42:3-42:59",
                     "precision" : "Hour",
                     "type" : "DurationBetween",
                     "operand" : [ {
                        "type" : "Start",
                        "operand" : {
                           "localId" : "28",
                           "locator" : "42:24-42:59",
                           "name" : "Hospitalization",
                           "libraryName" : "Global",
                           "type" : "FunctionRef",
                           "operand" : [ {
                              "localId" : "27",
                              "locator" : "42:49-42:57",
                              "name" : "Encounter",
                              "type" : "OperandRef"
                           } ]
                        }
                     }, {
                        "type" : "End",
                        "operand" : {
                           "localId" : "28",
                           "locator" : "42:24-42:59",
                           "name" : "Hospitalization",
                           "libraryName" : "Global",
                           "type" : "FunctionRef",
                           "operand" : [ {
                              "localId" : "27",
                              "locator" : "42:49-42:57",
                              "name" : "Encounter",
                              "type" : "OperandRef"
                           } ]
                        }
                     } ]
                  }
               }, {
                  "type" : "ToDecimal",
                  "operand" : {
                     "localId" : "30",
                     "locator" : "42:63-42:64",
                     "valueType" : "{urn:hl7-org:elm-types:r1}Integer",
                     "value" : "24",
                     "type" : "Literal"
                  }
               } ]
            },
            "operand" : [ {
               "name" : "Encounter",
               "operandTypeSpecifier" : {
                  "localId" : "25",
                  "locator" : "41:53-41:74",
                  "name" : "{urn:healthit-gov:qdm:v5_5}PositiveEncounterPerformed",
                  "type" : "NamedTypeSpecifier"
               }
            } ]
         }, {
            "localId" : "49",
            "locator" : "44:1-48:3",
            "name" : "Numerator Observation",
            "context" : "Patient",
            "accessLevel" : "Public",
            "type" : "FunctionDef",
            "annotation" : [ {
               "type" : "Annotation",
               "s" : {
                  "r" : "49",
                  "s" : [ {
                     "value" : [ "define function ","\"Numerator Observation\"","(","Encounter"," " ]
                  }, {
                     "r" : "33",
                     "s" : [ {
                        "value" : [ "\"Encounter, Performed\"" ]
                     } ]
                  }, {
                     "value" : [ " ):\n  " ]
                  }, {
                     "r" : "48",
                     "s" : [ {
                        "r" : "48",
                        "s" : [ {
                           "value" : [ "Count","(" ]
                        }, {
                           "r" : "47",
                           "s" : [ {
                              "s" : [ {
                                 "r" : "35",
                                 "s" : [ {
                                    "r" : "34",
                                    "s" : [ {
                                       "s" : [ {
                                          "value" : [ "\"Falls with Major Injury\"" ]
                                       } ]
                                    } ]
                                 }, {
                                    "value" : [ " ","Falls" ]
                                 } ]
                              } ]
                           }, {
                              "value" : [ "\n      " ]
                           }, {
                              "r" : "46",
                              "s" : [ {
                                 "value" : [ "where " ]
                              }, {
                                 "r" : "46",
                                 "s" : [ {
                                    "r" : "40",
                                    "s" : [ {
                                       "r" : "37",
                                       "s" : [ {
                                          "r" : "36",
                                          "s" : [ {
                                             "value" : [ "Falls" ]
                                          } ]
                                       }, {
                                          "value" : [ "." ]
                                       }, {
                                          "r" : "37",
                                          "s" : [ {
                                             "value" : [ "relevantDatetime" ]
                                          } ]
                                       } ]
                                    }, {
                                       "r" : "40",
                                       "value" : [ " ","during"," " ]
                                    }, {
                                       "r" : "39",
                                       "s" : [ {
                                          "r" : "38",
                                          "s" : [ {
                                             "value" : [ "Encounter" ]
                                          } ]
                                       }, {
                                          "value" : [ "." ]
                                       }, {
                                          "r" : "39",
                                          "s" : [ {
                                             "value" : [ "relevantPeriod" ]
                                          } ]
                                       } ]
                                    } ]
                                 }, {
                                    "value" : [ "\n        or " ]
                                 }, {
                                    "r" : "45",
                                    "s" : [ {
                                       "r" : "42",
                                       "s" : [ {
                                          "r" : "41",
                                          "s" : [ {
                                             "value" : [ "Falls" ]
                                          } ]
                                       }, {
                                          "value" : [ "." ]
                                       }, {
                                          "r" : "42",
                                          "s" : [ {
                                             "value" : [ "relevantPeriod" ]
                                          } ]
                                       } ]
                                    }, {
                                       "r" : "45",
                                       "value" : [ " ","during"," " ]
                                    }, {
                                       "r" : "44",
                                       "s" : [ {
                                          "r" : "43",
                                          "s" : [ {
                                             "value" : [ "Encounter" ]
                                          } ]
                                       }, {
                                          "value" : [ "." ]
                                       }, {
                                          "r" : "44",
                                          "s" : [ {
                                             "value" : [ "relevantPeriod" ]
                                          } ]
                                       } ]
                                    } ]
                                 } ]
                              } ]
                           } ]
                        }, {
                           "value" : [ "\n  )" ]
                        } ]
                     } ]
                  } ]
               }
            } ],
            "expression" : {
               "localId" : "48",
               "locator" : "45:3-48:3",
               "type" : "Count",
               "source" : {
                  "localId" : "47",
                  "locator" : "45:9-47:63",
                  "type" : "Query",
                  "source" : [ {
                     "localId" : "35",
                     "locator" : "45:9-45:39",
                     "alias" : "Falls",
                     "expression" : {
                        "localId" : "34",
                        "locator" : "45:9-45:33",
                        "name" : "Falls with Major Injury",
                        "type" : "ExpressionRef"
                     }
                  } ],
                  "relationship" : [ ],
                  "where" : {
                     "localId" : "46",
                     "locator" : "46:7-47:63",
                     "type" : "Or",
                     "operand" : [ {
                        "localId" : "40",
                        "locator" : "46:13-46:66",
                        "type" : "In",
                        "operand" : [ {
                           "localId" : "37",
                           "locator" : "46:13-46:34",
                           "path" : "relevantDatetime",
                           "scope" : "Falls",
                           "type" : "Property"
                        }, {
                           "localId" : "39",
                           "locator" : "46:43-46:66",
                           "path" : "relevantPeriod",
                           "type" : "Property",
                           "source" : {
                              "localId" : "38",
                              "locator" : "46:43-46:51",
                              "name" : "Encounter",
                              "type" : "OperandRef"
                           }
                        } ]
                     }, {
                        "localId" : "45",
                        "locator" : "47:12-47:63",
                        "type" : "IncludedIn",
                        "operand" : [ {
                           "localId" : "42",
                           "locator" : "47:12-47:31",
                           "path" : "relevantPeriod",
                           "scope" : "Falls",
                           "type" : "Property"
                        }, {
                           "localId" : "44",
                           "locator" : "47:40-47:63",
                           "path" : "relevantPeriod",
                           "type" : "Property",
                           "source" : {
                              "localId" : "43",
                              "locator" : "47:40-47:48",
                              "name" : "Encounter",
                              "type" : "OperandRef"
                           }
                        } ]
                     } ]
                  }
               }
            },
            "operand" : [ {
               "name" : "Encounter",
               "operandTypeSpecifier" : {
                  "localId" : "33",
                  "locator" : "44:51-44:72",
                  "name" : "{urn:healthit-gov:qdm:v5_5}PositiveEncounterPerformed",
                  "type" : "NamedTypeSpecifier"
               }
            } ]
         } ]
      }
   }
}