<?xml version="1.0" encoding="UTF-8"?>
<library xmlns="urn:hl7-org:elm:r1" xmlns:t="urn:hl7-org:elm-types:r1" xmlns:xsi="http://www.w3.org/2001/XMLSchema-instance" xmlns:xsd="http://www.w3.org/2001/XMLSchema" xmlns:fhir="http://hl7.org/fhir" xmlns:qdm43="urn:healthit-gov:qdm:v4_3" xmlns:qdm53="urn:healthit-gov:qdm:v5_3" xmlns:a="urn:hl7-org:cql-annotations:r1">
   <identifier id="RatioExample" version="0.0.001"/>
   <schemaIdentifier id="urn:hl7-org:elm" version="r1"/>
   <usings>
      <def localIdentifier="System" uri="urn:hl7-org:elm-types:r1"/>
      <def localId="1" locator="3:1-3:23" localIdentifier="QDM" uri="urn:healthit-gov:qdm:v5_5" version="5.5"/>
   </usings>
   <includes>
      <def localId="2" locator="5:1-5:64" localIdentifier="Global" path="MATGlobalCommonFunctions" version="6.2.000"/>
   </includes>
   <valueSets>
      <def localId="3" locator="7:1-7:58" name="Ethnicity" id="urn:oid:2.16.840.1.114222.4.11.837" accessLevel="Public"/>
      <def localId="4" locator="8:1-8:68" name="ONC Administrative Sex" id="urn:oid:2.16.840.1.113762.1.4.1" accessLevel="Public"/>
      <def localId="5" locator="9:1-9:55" name="Payer" id="urn:oid:2.16.840.1.114222.4.11.3591" accessLevel="Public"/>
      <def localId="6" locator="10:1-10:53" name="Race" id="urn:oid:2.16.840.1.114222.4.11.836" accessLevel="Public"/>
   </valueSets>
   <statements>
      <def locator="12:1-12:15" name="Patient" context="Patient">
         <expression xsi:type="SingletonFrom">
            <operand locator="12:1-12:15" xmlns:ns0="urn:healthit-gov:qdm:v5_5" dataType="ns0:Patient" templateId="Patient" xsi:type="Retrieve"/>
         </expression>
      </def>
      <def localId="8" locator="14:1-15:51" name="SDE Ethnicity" context="Patient" accessLevel="Public">
         <annotation xsi:type="a:Annotation">
            <a:s r="8">
               <a:s>define &quot;SDE Ethnicity&quot;:
  </a:s>
               <a:s r="7">
                  <a:s>[&quot;Patient Characteristic Ethnicity&quot;: </a:s>
                  <a:s>
                     <a:s>&quot;Ethnicity&quot;</a:s>
                  </a:s>
                  <a:s>]</a:s>
               </a:s>
            </a:s>
         </annotation>
         <expression localId="7" locator="15:3-15:51" xmlns:ns1="urn:healthit-gov:qdm:v5_5" dataType="ns1:PatientCharacteristicEthnicity" codeProperty="code" xsi:type="Retrieve">
            <codes locator="15:40-15:50" name="Ethnicity" xsi:type="ValueSetRef"/>
         </expression>
      </def>
      <def localId="10" locator="17:1-18:43" name="SDE Payer" context="Patient" accessLevel="Public">
         <annotation xsi:type="a:Annotation">
            <a:s r="10">
               <a:s>define &quot;SDE Payer&quot;:
  </a:s>
               <a:s r="9">
                  <a:s>[&quot;Patient Characteristic Payer&quot;: </a:s>
                  <a:s>
                     <a:s>&quot;Payer&quot;</a:s>
                  </a:s>
                  <a:s>]</a:s>
               </a:s>
            </a:s>
         </annotation>
         <expression localId="9" locator="18:3-18:43" xmlns:ns2="urn:healthit-gov:qdm:v5_5" dataType="ns2:PatientCharacteristicPayer" codeProperty="code" xsi:type="Retrieve">
            <codes locator="18:36-18:42" name="Payer" xsi:type="ValueSetRef"/>
         </expression>
      </def>
      <def localId="12" locator="20:1-21:41" name="SDE Race" context="Patient" accessLevel="Public">
         <annotation xsi:type="a:Annotation">
            <a:s r="12">
               <a:s>define &quot;SDE Race&quot;:
  </a:s>
               <a:s r="11">
                  <a:s>[&quot;Patient Characteristic Race&quot;: </a:s>
                  <a:s>
                     <a:s>&quot;Race&quot;</a:s>
                  </a:s>
                  <a:s>]</a:s>
               </a:s>
            </a:s>
         </annotation>
         <expression localId="11" locator="21:3-21:41" xmlns:ns3="urn:healthit-gov:qdm:v5_5" dataType="ns3:PatientCharacteristicRace" codeProperty="code" xsi:type="Retrieve">
            <codes locator="21:35-21:40" name="Race" xsi:type="ValueSetRef"/>
         </expression>
      </def>
      <def localId="14" locator="23:1-24:58" name="SDE Sex" context="Patient" accessLevel="Public">
         <annotation xsi:type="a:Annotation">
            <a:s r="14">
               <a:s>define &quot;SDE Sex&quot;:
  </a:s>
               <a:s r="13">
                  <a:s>[&quot;Patient Characteristic Sex&quot;: </a:s>
                  <a:s>
                     <a:s>&quot;ONC Administrative Sex&quot;</a:s>
                  </a:s>
                  <a:s>]</a:s>
               </a:s>
            </a:s>
         </annotation>
         <expression localId="13" locator="24:3-24:58" xmlns:ns4="urn:healthit-gov:qdm:v5_5" dataType="ns4:PatientCharacteristicSex" codeProperty="code" xsi:type="Retrieve">
            <codes locator="24:34-24:57" name="ONC Administrative Sex" xsi:type="ValueSetRef"/>
         </expression>
      </def>
      <def localId="16" locator="26:1-27:26" name="Qualifying Encounters" context="Patient" accessLevel="Public">
         <annotation xsi:type="a:Annotation">
            <a:s r="16">
               <a:s>define &quot;Qualifying Encounters&quot;:
  </a:s>
               <a:s r="15">
                  <a:s>[&quot;Encounter, Performed&quot;]</a:s>
               </a:s>
            </a:s>
         </annotation>
         <expression localId="15" locator="27:3-27:26" xmlns:ns5="urn:healthit-gov:qdm:v5_5" dataType="ns5:PositiveEncounterPerformed" templateId="PositiveEncounterPerformed" xsi:type="Retrieve"/>
      </def>
      <def localId="18" locator="29:1-30:25" name="Initial Population" context="Patient" accessLevel="Public">
         <annotation xsi:type="a:Annotation">
            <a:s r="18">
               <a:s>define &quot;Initial Population&quot;:
  </a:s>
               <a:s r="17">
                  <a:s>&quot;Qualifying Encounters&quot;</a:s>
               </a:s>
            </a:s>
         </annotation>
         <expression localId="17" locator="30:3-30:25" name="Qualifying Encounters" xsi:type="ExpressionRef"/>
      </def>
      <def localId="20" locator="32:1-33:22" name="Denominator" context="Patient" accessLevel="Public">
         <annotation xsi:type="a:Annotation">
            <a:s r="20">
               <a:s>define &quot;Denominator&quot;:
  </a:s>
               <a:s r="19">
                  <a:s>&quot;Initial Population&quot;</a:s>
               </a:s>
            </a:s>
         </annotation>
         <expression localId="19" locator="33:3-33:22" name="Initial Population" xsi:type="ExpressionRef"/>
      </def>
      <def localId="22" locator="35:1-36:22" name="Numerator" context="Patient" accessLevel="Public">
         <annotation xsi:type="a:Annotation">
            <a:s r="22">
               <a:s>define &quot;Numerator&quot;:
  </a:s>
               <a:s r="21">
                  <a:s>&quot;Initial Population&quot;</a:s>
               </a:s>
            </a:s>
         </annotation>
         <expression localId="21" locator="36:3-36:22" name="Initial Population" xsi:type="ExpressionRef"/>
      </def>
      <def localId="24" locator="38:1-39:27" name="Falls with Major Injury" context="Patient" accessLevel="Public">
         <annotation xsi:type="a:Annotation">
            <a:s r="24">
               <a:s>define &quot;Falls with Major Injury&quot;:
  </a:s>
               <a:s r="23">
                  <a:s>[&quot;Assessment, Performed&quot;]</a:s>
               </a:s>
            </a:s>
         </annotation>
         <expression localId="23" locator="39:3-39:27" xmlns:ns6="urn:healthit-gov:qdm:v5_5" dataType="ns6:PositiveAssessmentPerformed" templateId="PositiveAssessmentPerformed" xsi:type="Retrieve"/>
      </def>
      <def localId="32" locator="41:1-42:64" name="Denominator Observation" context="Patient" accessLevel="Public" xsi:type="FunctionDef">
         <annotation xsi:type="a:Annotation">
            <a:s r="32">
               <a:s>define function &quot;Denominator Observation&quot;(Encounter </a:s>
               <a:s r="25">
                  <a:s>&quot;Encounter, Performed&quot;</a:s>
               </a:s>
               <a:s> ):
  </a:s>
               <a:s r="31">
                  <a:s r="31">
                     <a:s r="29">
                        <a:s>duration in hours of </a:s>
                        <a:s r="28">
                           <a:s r="26">
                              <a:s>Global</a:s>
                           </a:s>
                           <a:s>.</a:s>
                           <a:s r="28">
                              <a:s>Hospitalization ( </a:s>
                              <a:s r="27">
                                 <a:s>Encounter</a:s>
                              </a:s>
                              <a:s> )</a:s>
                           </a:s>
                        </a:s>
                     </a:s>
                     <a:s r="30"> / 24</a:s>
                  </a:s>
               </a:s>
            </a:s>
         </annotation>
         <expression localId="31" locator="42:3-42:64" xsi:type="Divide">
            <operand xsi:type="ToDecimal">
               <operand localId="29" locator="42:3-42:59" precision="Hour" xsi:type="DurationBetween">
                  <operand xsi:type="Start">
                     <operand localId="28" locator="42:24-42:59" name="Hospitalization" libraryName="Global" xsi:type="FunctionRef">
                        <operand localId="27" locator="42:49-42:57" name="Encounter" xsi:type="OperandRef"/>
                     </operand>
                  </operand>
                  <operand xsi:type="End">
                     <operand localId="28" locator="42:24-42:59" name="Hospitalization" libraryName="Global" xsi:type="FunctionRef">
                        <operand localId="27" locator="42:49-42:57" name="Encounter" xsi:type="OperandRef"/>
                     </operand>
                  </operand>
               </operand>
            </operand>
            <operand xsi:type="ToDecimal">
               <operand localId="30" locator="42:63-42:64" valueType="t:Integer" value="24" xsi:type="Literal"/>
            </operand>
         </expression>
         <operand name="Encounter">
            <operandTypeSpecifier localId="25" locator="41:53-41:74" xmlns:ns7="urn:healthit-gov:qdm:v5_5" name="ns7:PositiveEncounterPerformed" xsi:type="NamedTypeSpecifier"/>
         </operand>
      </def>
      <def localId="49" locator="44:1-48:3" name="Numerator Observation" context="Patient" accessLevel="Public" xsi:type="FunctionDef">
         <annotation xsi:type="a:Annotation">
            <a:s r="49">
               <a:s>define function &quot;Numerator Observation&quot;(Encounter </a:s>
               <a:s r="33">
                  <a:s>&quot;Encounter, Performed&quot;</a:s>
               </a:s>
               <a:s> ):
  </a:s>
               <a:s r="48">
                  <a:s r="48">
                     <a:s>Count(</a:s>
                     <a:s r="47">
                        <a:s>
                           <a:s r="35">
                              <a:s r="34">
                                 <a:s>
                                    <a:s>&quot;Falls with Major Injury&quot;</a:s>
                                 </a:s>
                              </a:s>
                              <a:s> Falls</a:s>
                           </a:s>
                        </a:s>
                        <a:s>
      </a:s>
                        <a:s r="46">
                           <a:s>where </a:s>
                           <a:s r="46">
                              <a:s r="40">
                                 <a:s r="37">
                                    <a:s r="36">
                                       <a:s>Falls</a:s>
                                    </a:s>
                                    <a:s>.</a:s>
                                    <a:s r="37">
                                       <a:s>relevantDatetime</a:s>
                                    </a:s>
                                 </a:s>
                                 <a:s r="40"> during </a:s>
                                 <a:s r="39">
                                    <a:s r="38">
                                       <a:s>Encounter</a:s>
                                    </a:s>
                                    <a:s>.</a:s>
                                    <a:s r="39">
                                       <a:s>relevantPeriod</a:s>
                                    </a:s>
                                 </a:s>
                              </a:s>
                              <a:s>
        or </a:s>
                              <a:s r="45">
                                 <a:s r="42">
                                    <a:s r="41">
                                       <a:s>Falls</a:s>
                                    </a:s>
                                    <a:s>.</a:s>
                                    <a:s r="42">
                                       <a:s>relevantPeriod</a:s>
                                    </a:s>
                                 </a:s>
                                 <a:s r="45"> during </a:s>
                                 <a:s r="44">
                                    <a:s r="43">
                                       <a:s>Encounter</a:s>
                                    </a:s>
                                    <a:s>.</a:s>
                                    <a:s r="44">
                                       <a:s>relevantPeriod</a:s>
                                    </a:s>
                                 </a:s>
                              </a:s>
                           </a:s>
                        </a:s>
                     </a:s>
                     <a:s>
  )</a:s>
                  </a:s>
               </a:s>
            </a:s>
         </annotation>
         <expression localId="48" locator="45:3-48:3" xsi:type="Count">
            <source localId="47" locator="45:9-47:63" xsi:type="Query">
               <source localId="35" locator="45:9-45:39" alias="Falls">
                  <expression localId="34" locator="45:9-45:33" name="Falls with Major Injury" xsi:type="ExpressionRef"/>
               </source>
               <where localId="46" locator="46:7-47:63" xsi:type="Or">
                  <operand localId="40" locator="46:13-46:66" xsi:type="In">
                     <operand localId="37" locator="46:13-46:34" path="relevantDatetime" scope="Falls" xsi:type="Property"/>
                     <operand localId="39" locator="46:43-46:66" path="relevantPeriod" xsi:type="Property">
                        <source localId="38" locator="46:43-46:51" name="Encounter" xsi:type="OperandRef"/>
                     </operand>
                  </operand>
                  <operand localId="45" locator="47:12-47:63" xsi:type="IncludedIn">
                     <operand localId="42" locator="47:12-47:31" path="relevantPeriod" scope="Falls" xsi:type="Property"/>
                     <operand localId="44" locator="47:40-47:63" path="relevantPeriod" xsi:type="Property">
                        <source localId="43" locator="47:40-47:48" name="Encounter" xsi:type="OperandRef"/>
                     </operand>
                  </operand>
               </where>
            </source>
         </expression>
         <operand name="Encounter">
            <operandTypeSpecifier localId="33" locator="44:51-44:72" xmlns:ns8="urn:healthit-gov:qdm:v5_5" name="ns8:PositiveEncounterPerformed" xsi:type="NamedTypeSpecifier"/>
         </operand>
      </def>
   </statements>
</library>
