<?xml version="1.0" encoding="UTF-8"?>
<library xmlns="urn:hl7-org:elm:r1" xmlns:t="urn:hl7-org:elm-types:r1" xmlns:xsi="http://www.w3.org/2001/XMLSchema-instance" xmlns:xsd="http://www.w3.org/2001/XMLSchema" xmlns:fhir="http://hl7.org/fhir" xmlns:qdm43="urn:healthit-gov:qdm:v4_3" xmlns:qdm53="urn:healthit-gov:qdm:v5_3" xmlns:a="urn:hl7-org:cql-annotations:r1">
   <identifier id="TestPJMCQLIT266" version="0.0.007"/>
   <schemaIdentifier id="urn:hl7-org:elm" version="r1"/>
   <usings>
      <def localIdentifier="System" uri="urn:hl7-org:elm-types:r1"/>
      <def localId="1" locator="5:1-5:23" localIdentifier="QDM" uri="urn:healthit-gov:qdm:v5_5" version="5.5"/>
   </usings>
   <includes>
      <def localId="2" locator="7:1-7:64" localIdentifier="Global" path="MATGlobalCommonFunctions" version="6.2.000"/>
   </includes>
   <parameters>
      <def localId="12" locator="18:1-18:49" name="Measurement Period" accessLevel="Public">
         <parameterTypeSpecifier localId="11" locator="18:32-18:49" xsi:type="IntervalTypeSpecifier">
            <pointType localId="10" locator="18:41-18:48" name="t:DateTime" xsi:type="NamedTypeSpecifier"/>
         </parameterTypeSpecifier>
      </def>
   </parameters>
   <codeSystems>
      <def localId="3" locator="9:1-9:51" name="LOINC" id="urn:oid:2.16.840.1.113883.6.1" accessLevel="Public"/>
   </codeSystems>
   <valueSets>
      <def localId="4" locator="11:1-11:58" name="Ethnicity" id="urn:oid:2.16.840.1.114222.4.11.837" accessLevel="Public"/>
      <def localId="5" locator="12:1-12:68" name="ONC Administrative Sex" id="urn:oid:2.16.840.1.113762.1.4.1" accessLevel="Public"/>
      <def localId="6" locator="13:1-13:55" name="Payer" id="urn:oid:2.16.840.1.114222.4.11.3591" accessLevel="Public"/>
      <def localId="7" locator="14:1-14:53" name="Race" id="urn:oid:2.16.840.1.114222.4.11.836" accessLevel="Public"/>
   </valueSets>
   <codes>
      <def localId="9" locator="16:1-16:62" name="Birth date" id="21112-8" display="Birth date" accessLevel="Public">
         <codeSystem localId="8" locator="16:35-16:41" name="LOINC"/>
      </def>
   </codes>
   <statements>
      <def locator="20:1-20:15" name="Patient" context="Patient">
         <expression xsi:type="SingletonFrom">
            <operand locator="20:1-20:15" xmlns:ns0="urn:healthit-gov:qdm:v5_5" dataType="ns0:Patient" templateId="Patient" xsi:type="Retrieve"/>
         </expression>
      </def>
      <def localId="27" locator="25:1-28:3" name="Initial Population" context="Patient" accessLevel="Public">
         <annotation xsi:type="a:Annotation">
            <a:s r="27">
               <a:s>define &quot;Initial Population&quot;:
  </a:s>
               <a:s r="26">
                  <a:s>exists </a:s>
                  <a:s r="25">
                     <a:s>( </a:s>
                     <a:s r="25">
                        <a:s>
                           <a:s r="14">
                              <a:s r="13">
                                 <a:s r="13">
                                    <a:s>[&quot;Patient Characteristic Birthdate&quot;: </a:s>
                                    <a:s>
                                       <a:s>&quot;Birth date&quot;</a:s>
                                    </a:s>
                                    <a:s>]</a:s>
                                 </a:s>
                              </a:s>
                              <a:s> BirthDate</a:s>
                           </a:s>
                        </a:s>
                        <a:s>
      </a:s>
                        <a:s r="24">
                           <a:s>where </a:s>
                           <a:s r="24">
                              <a:s r="20">
                                 <a:s r="15">
                                    <a:s>Global</a:s>
                                 </a:s>
                                 <a:s>.</a:s>
                                 <a:s r="20">
                                    <a:s>&quot;CalendarAgeInYearsAt&quot; ( </a:s>
                                    <a:s r="17">
                                       <a:s r="16">
                                          <a:s>BirthDate</a:s>
                                       </a:s>
                                       <a:s>.</a:s>
                                       <a:s r="17">
                                          <a:s>birthDatetime</a:s>
                                       </a:s>
                                    </a:s>
                                    <a:s>, </a:s>
                                    <a:s r="19">
                                       <a:s>start of </a:s>
                                       <a:s r="18">
                                          <a:s>&quot;Measurement Period&quot;</a:s>
                                       </a:s>
                                    </a:s>
                                    <a:s> )</a:s>
                                 </a:s>
                              </a:s>
                              <a:s> in </a:s>
                              <a:s r="23">
                                 <a:s r="21">Interval[18, 75 )</a:s>
                              </a:s>
                           </a:s>
                        </a:s>
                     </a:s>
                     <a:s>
  )</a:s>
                  </a:s>
               </a:s>
            </a:s>
         </annotation>
         <expression localId="26" locator="26:3-28:3" xsi:type="Exists">
            <operand localId="25" locator="26:10-28:3" xsi:type="Query">
               <source localId="14" locator="26:12-26:71" alias="BirthDate">
                  <expression localId="13" locator="26:12-26:61" xmlns:ns1="urn:healthit-gov:qdm:v5_5" dataType="ns1:PatientCharacteristicBirthdate" codeProperty="code" xsi:type="Retrieve">
                     <codes xsi:type="ToList">
                        <operand locator="26:49-26:60" name="Birth date" xsi:type="CodeRef"/>
                     </codes>
                  </expression>
               </source>
               <where localId="24" locator="27:7-27:121" xsi:type="In">
                  <operand localId="20" locator="27:13-27:100" name="CalendarAgeInYearsAt" libraryName="Global" xsi:type="FunctionRef">
                     <operand localId="17" locator="27:45-27:67" path="birthDatetime" scope="BirthDate" xsi:type="Property"/>
                     <operand localId="19" locator="27:70-27:98" xsi:type="Start">
                        <operand localId="18" locator="27:79-27:98" name="Measurement Period" xsi:type="ParameterRef"/>
                     </operand>
                  </operand>
                  <operand localId="23" locator="27:105-27:121" lowClosed="true" highClosed="false" xsi:type="Interval">
                     <low localId="21" locator="27:114-27:115" valueType="t:Integer" value="18" xsi:type="Literal"/>
                     <high localId="22" locator="27:118-27:119" valueType="t:Integer" value="75" xsi:type="Literal"/>
                  </operand>
               </where>
            </operand>
         </expression>
      </def>
      <def localId="29" locator="22:1-23:22" name="Denominator" context="Patient" accessLevel="Public">
         <annotation xsi:type="a:Annotation">
            <a:s r="29">
               <a:s>define &quot;Denominator&quot;:
  </a:s>
               <a:s r="28">
                  <a:s>&quot;Initial Population&quot;</a:s>
               </a:s>
            </a:s>
         </annotation>
         <expression localId="28" locator="23:3-23:22" name="Initial Population" xsi:type="ExpressionRef"/>
      </def>
      <def localId="44" locator="151:1-154:3" name="TargetPop" context="Patient" accessLevel="Public">
         <annotation xsi:type="a:Annotation">
            <a:s r="44">
               <a:s>define &quot;TargetPop&quot;:
  </a:s>
               <a:s r="43">
                  <a:s>exists </a:s>
                  <a:s r="42">
                     <a:s>( </a:s>
                     <a:s r="42">
                        <a:s>
                           <a:s r="31">
                              <a:s r="30">
                                 <a:s r="30">
                                    <a:s>[&quot;Patient Characteristic Birthdate&quot;: </a:s>
                                    <a:s>
                                       <a:s>&quot;Birth date&quot;</a:s>
                                    </a:s>
                                    <a:s>]</a:s>
                                 </a:s>
                              </a:s>
                              <a:s> BirthDate</a:s>
                           </a:s>
                        </a:s>
                        <a:s>
      </a:s>
                        <a:s r="41">
                           <a:s>where </a:s>
                           <a:s r="41">
                              <a:s r="37">
                                 <a:s r="32">
                                    <a:s>Global</a:s>
                                 </a:s>
                                 <a:s>.</a:s>
                                 <a:s r="37">
                                    <a:s>&quot;CalendarAgeInYearsAt&quot; ( </a:s>
                                    <a:s r="34">
                                       <a:s r="33">
                                          <a:s>BirthDate</a:s>
                                       </a:s>
                                       <a:s>.</a:s>
                                       <a:s r="34">
                                          <a:s>birthDatetime</a:s>
                                       </a:s>
                                    </a:s>
                                    <a:s>, </a:s>
                                    <a:s r="36">
                                       <a:s>start of </a:s>
                                       <a:s r="35">
                                          <a:s>&quot;Measurement Period&quot;</a:s>
                                       </a:s>
                                    </a:s>
                                    <a:s> )</a:s>
                                 </a:s>
                              </a:s>
                              <a:s> in </a:s>
                              <a:s r="40">
                                 <a:s r="38">Interval[65, 75 )</a:s>
                              </a:s>
                           </a:s>
                        </a:s>
                     </a:s>
                     <a:s>
  )</a:s>
                  </a:s>
               </a:s>
            </a:s>
         </annotation>
         <expression localId="43" locator="152:3-154:3" xsi:type="Exists">
            <operand localId="42" locator="152:10-154:3" xsi:type="Query">
               <source localId="31" locator="152:12-152:71" alias="BirthDate">
                  <expression localId="30" locator="152:12-152:61" xmlns:ns2="urn:healthit-gov:qdm:v5_5" dataType="ns2:PatientCharacteristicBirthdate" codeProperty="code" xsi:type="Retrieve">
                     <codes xsi:type="ToList">
                        <operand locator="152:49-152:60" name="Birth date" xsi:type="CodeRef"/>
                     </codes>
                  </expression>
               </source>
               <where localId="41" locator="153:7-153:121" xsi:type="In">
                  <operand localId="37" locator="153:13-153:100" name="CalendarAgeInYearsAt" libraryName="Global" xsi:type="FunctionRef">
                     <operand localId="34" locator="153:45-153:67" path="birthDatetime" scope="BirthDate" xsi:type="Property"/>
                     <operand localId="36" locator="153:70-153:98" xsi:type="Start">
                        <operand localId="35" locator="153:79-153:98" name="Measurement Period" xsi:type="ParameterRef"/>
                     </operand>
                  </operand>
                  <operand localId="40" locator="153:105-153:121" lowClosed="true" highClosed="false" xsi:type="Interval">
                     <low localId="38" locator="153:114-153:115" valueType="t:Integer" value="65" xsi:type="Literal"/>
                     <high localId="39" locator="153:118-153:119" valueType="t:Integer" value="75" xsi:type="Literal"/>
                  </operand>
               </where>
            </operand>
         </expression>
      </def>
      <def localId="51" locator="57:1-58:26" name="Question1x" context="Patient" accessLevel="Public">
         <annotation xsi:type="a:Annotation">
            <a:s r="51">
               <a:s>define &quot;Question1x&quot;:
  </a:s>
               <a:s r="50">
                  <a:s>expand </a:s>
                  <a:s r="49">
                     <a:s>{ </a:s>
                     <a:s r="48">
                        <a:s r="46">Interval[1, 5]</a:s>
                     </a:s>
                     <a:s>}</a:s>
                  </a:s>
               </a:s>
            </a:s>
         </annotation>
         <expression localId="50" locator="58:3-58:26" xsi:type="Expand">
            <operand localId="49" locator="58:10-58:26" xsi:type="List">
               <element localId="48" locator="58:12-58:25" lowClosed="true" highClosed="true" xsi:type="Interval">
                  <low localId="46" locator="58:21" valueType="t:Integer" value="1" xsi:type="Literal"/>
                  <high localId="47" locator="58:24" valueType="t:Integer" value="5" xsi:type="Literal"/>
               </element>
            </operand>
            <operand resultTypeName="t:Quantity" xsi:type="Null"/>
         </expression>
      </def>
      <def localId="59" locator="62:1-63:28" name="Question2x" context="Patient" accessLevel="Public">
         <annotation xsi:type="a:Annotation">
            <a:s r="59">
               <a:s>define &quot;Question2x&quot;:
  </a:s>
               <a:s r="58">
                  <a:s>expand </a:s>
                  <a:s r="57">
                     <a:s>{ </a:s>
                     <a:s r="56">
                        <a:s r="54">Interval[1, 5 )</a:s>
                     </a:s>
                     <a:s> }</a:s>
                  </a:s>
               </a:s>
            </a:s>
         </annotation>
         <expression localId="58" locator="63:3-63:28" xsi:type="Expand">
            <operand localId="57" locator="63:10-63:28" xsi:type="List">
               <element localId="56" locator="63:12-63:26" lowClosed="true" highClosed="false" xsi:type="Interval">
                  <low localId="54" locator="63:21" valueType="t:Integer" value="1" xsi:type="Literal"/>
                  <high localId="55" locator="63:24" valueType="t:Integer" value="5" xsi:type="Literal"/>
               </element>
            </operand>
            <operand resultTypeName="t:Quantity" xsi:type="Null"/>
         </expression>
      </def>
      <def localId="68" locator="68:1-69:30" name="Question3x" context="Patient" accessLevel="Public">
         <annotation xsi:type="a:Annotation">
            <a:s r="68">
               <a:s>define &quot;Question3x&quot;:
  </a:s>
               <a:s r="67">
                  <a:s>expand </a:s>
                  <a:s r="66">
                     <a:s>{ </a:s>
                     <a:s r="65">
                        <a:s r="63">Interval[1.0, 5.0]</a:s>
                     </a:s>
                     <a:s>}</a:s>
                  </a:s>
               </a:s>
            </a:s>
         </annotation>
         <expression localId="67" locator="69:3-69:30" xsi:type="Expand">
            <operand localId="66" locator="69:10-69:30" xsi:type="List">
               <element localId="65" locator="69:12-69:29" lowClosed="true" highClosed="true" xsi:type="Interval">
                  <low localId="63" locator="69:21-69:23" valueType="t:Decimal" value="1.0" xsi:type="Literal"/>
                  <high localId="64" locator="69:26-69:28" valueType="t:Decimal" value="5.0" xsi:type="Literal"/>
               </element>
            </operand>
            <operand resultTypeName="t:Quantity" xsi:type="Null"/>
         </expression>
      </def>
      <def localId="78" locator="71:1-72:38" name="Question3x2" context="Patient" accessLevel="Public">
         <annotation xsi:type="a:Annotation">
            <a:s r="78">
               <a:s>define &quot;Question3x2&quot;:
  </a:s>
               <a:s r="77">
                  <a:s>expand </a:s>
                  <a:s r="75">
                     <a:s>{ </a:s>
                     <a:s r="74">
                        <a:s r="72">Interval[1.0, 5.0]</a:s>
                     </a:s>
                     <a:s>}</a:s>
                  </a:s>
                  <a:s r="76"> per 2.0</a:s>
               </a:s>
            </a:s>
         </annotation>
         <expression localId="77" locator="72:3-72:38" xsi:type="Expand">
            <operand localId="75" locator="72:10-72:30" xsi:type="List">
               <element localId="74" locator="72:12-72:29" lowClosed="true" highClosed="true" xsi:type="Interval">
                  <low localId="72" locator="72:21-72:23" valueType="t:Decimal" value="1.0" xsi:type="Literal"/>
                  <high localId="73" locator="72:26-72:28" valueType="t:Decimal" value="5.0" xsi:type="Literal"/>
               </element>
            </operand>
            <operand xsi:type="ToQuantity">
               <operand localId="76" locator="72:36-72:38" valueType="t:Decimal" value="2.0" xsi:type="Literal"/>
            </operand>
         </expression>
      </def>
      <def localId="88" locator="74:1-75:38" name="Question3x3" context="Patient" accessLevel="Public">
         <annotation xsi:type="a:Annotation">
            <a:s r="88">
               <a:s>define &quot;Question3x3&quot;:
  </a:s>
               <a:s r="87">
                  <a:s>expand </a:s>
                  <a:s r="85">
                     <a:s>{ </a:s>
                     <a:s r="84">
                        <a:s r="82">Interval[1.0, 5.0]</a:s>
                     </a:s>
                     <a:s>}</a:s>
                  </a:s>
                  <a:s r="86"> per 0.1</a:s>
               </a:s>
            </a:s>
         </annotation>
         <expression localId="87" locator="75:3-75:38" xsi:type="Expand">
            <operand localId="85" locator="75:10-75:30" xsi:type="List">
               <element localId="84" locator="75:12-75:29" lowClosed="true" highClosed="true" xsi:type="Interval">
                  <low localId="82" locator="75:21-75:23" valueType="t:Decimal" value="1.0" xsi:type="Literal"/>
                  <high localId="83" locator="75:26-75:28" valueType="t:Decimal" value="5.0" xsi:type="Literal"/>
               </element>
            </operand>
            <operand xsi:type="ToQuantity">
               <operand localId="86" locator="75:36-75:38" valueType="t:Decimal" value="0.1" xsi:type="Literal"/>
            </operand>
         </expression>
      </def>
      <def localId="97" locator="79:1-80:32" name="Question4x" context="Patient" accessLevel="Public">
         <annotation xsi:type="a:Annotation">
            <a:s r="97">
               <a:s>define &quot;Question4x&quot;:
  </a:s>
               <a:s r="96">
                  <a:s>expand </a:s>
                  <a:s r="95">
                     <a:s>{ </a:s>
                     <a:s r="94">
                        <a:s r="92">Interval[1.0, 5.0 )</a:s>
                     </a:s>
                     <a:s> }</a:s>
                  </a:s>
               </a:s>
            </a:s>
         </annotation>
         <expression localId="96" locator="80:3-80:32" xsi:type="Expand">
            <operand localId="95" locator="80:10-80:32" xsi:type="List">
               <element localId="94" locator="80:12-80:30" lowClosed="true" highClosed="false" xsi:type="Interval">
                  <low localId="92" locator="80:21-80:23" valueType="t:Decimal" value="1.0" xsi:type="Literal"/>
                  <high localId="93" locator="80:26-80:28" valueType="t:Decimal" value="5.0" xsi:type="Literal"/>
               </element>
            </operand>
            <operand resultTypeName="t:Quantity" xsi:type="Null"/>
         </expression>
      </def>
      <def localId="107" locator="82:1-83:40" name="Question4x2" context="Patient" accessLevel="Public">
         <annotation xsi:type="a:Annotation">
            <a:s r="107">
               <a:s>define &quot;Question4x2&quot;:
  </a:s>
               <a:s r="106">
                  <a:s>expand </a:s>
                  <a:s r="104">
                     <a:s>{ </a:s>
                     <a:s r="103">
                        <a:s r="101">Interval[1.0, 5.0 )</a:s>
                     </a:s>
                     <a:s> }</a:s>
                  </a:s>
                  <a:s r="105"> per 2.0</a:s>
               </a:s>
            </a:s>
         </annotation>
         <expression localId="106" locator="83:3-83:40" xsi:type="Expand">
            <operand localId="104" locator="83:10-83:32" xsi:type="List">
               <element localId="103" locator="83:12-83:30" lowClosed="true" highClosed="false" xsi:type="Interval">
                  <low localId="101" locator="83:21-83:23" valueType="t:Decimal" value="1.0" xsi:type="Literal"/>
                  <high localId="102" locator="83:26-83:28" valueType="t:Decimal" value="5.0" xsi:type="Literal"/>
               </element>
            </operand>
            <operand xsi:type="ToQuantity">
               <operand localId="105" locator="83:38-83:40" valueType="t:Decimal" value="2.0" xsi:type="Literal"/>
            </operand>
         </expression>
      </def>
      <def localId="117" locator="85:1-86:40" name="Question4x3" context="Patient" accessLevel="Public">
         <annotation xsi:type="a:Annotation">
            <a:s r="117">
               <a:s>define &quot;Question4x3&quot;:
  </a:s>
               <a:s r="116">
                  <a:s>expand </a:s>
                  <a:s r="114">
                     <a:s>{ </a:s>
                     <a:s r="113">
                        <a:s r="111">Interval[1.0, 5.0 )</a:s>
                     </a:s>
                     <a:s> }</a:s>
                  </a:s>
                  <a:s r="115"> per 0.1</a:s>
               </a:s>
            </a:s>
         </annotation>
         <expression localId="116" locator="86:3-86:40" xsi:type="Expand">
            <operand localId="114" locator="86:10-86:32" xsi:type="List">
               <element localId="113" locator="86:12-86:30" lowClosed="true" highClosed="false" xsi:type="Interval">
                  <low localId="111" locator="86:21-86:23" valueType="t:Decimal" value="1.0" xsi:type="Literal"/>
                  <high localId="112" locator="86:26-86:28" valueType="t:Decimal" value="5.0" xsi:type="Literal"/>
               </element>
            </operand>
            <operand xsi:type="ToQuantity">
               <operand localId="115" locator="86:38-86:40" valueType="t:Decimal" value="0.1" xsi:type="Literal"/>
            </operand>
         </expression>
      </def>
      <def localId="127" locator="88:1-89:42" name="Question4x4" context="Patient" accessLevel="Public">
         <annotation xsi:type="a:Annotation">
            <a:s r="127">
               <a:s>define &quot;Question4x4&quot;:
  </a:s>
               <a:s r="126">
                  <a:s>expand </a:s>
                  <a:s r="124">
                     <a:s>{ </a:s>
                     <a:s r="123">
                        <a:s r="121">Interval[1.00, 5.00 )</a:s>
                     </a:s>
                     <a:s> }</a:s>
                  </a:s>
                  <a:s r="125"> per 0.1</a:s>
               </a:s>
            </a:s>
         </annotation>
         <expression localId="126" locator="89:3-89:42" xsi:type="Expand">
            <operand localId="124" locator="89:10-89:34" xsi:type="List">
               <element localId="123" locator="89:12-89:32" lowClosed="true" highClosed="false" xsi:type="Interval">
                  <low localId="121" locator="89:21-89:24" valueType="t:Decimal" value="1.00" xsi:type="Literal"/>
                  <high localId="122" locator="89:27-89:30" valueType="t:Decimal" value="5.00" xsi:type="Literal"/>
               </element>
            </operand>
            <operand xsi:type="ToQuantity">
               <operand localId="125" locator="89:40-89:42" valueType="t:Decimal" value="0.1" xsi:type="Literal"/>
            </operand>
         </expression>
      </def>
      <def localId="137" locator="91:1-92:42" name="Question4x5" context="Patient" accessLevel="Public">
         <annotation xsi:type="a:Annotation">
            <a:s r="137">
               <a:s>define &quot;Question4x5&quot;:
  </a:s>
               <a:s r="136">
                  <a:s>expand </a:s>
                  <a:s r="134">
                     <a:s>{ </a:s>
                     <a:s r="133">
                        <a:s r="131">Interval[1.50, 5.50 )</a:s>
                     </a:s>
                     <a:s> }</a:s>
                  </a:s>
                  <a:s r="135"> per 0.1</a:s>
               </a:s>
            </a:s>
         </annotation>
         <expression localId="136" locator="92:3-92:42" xsi:type="Expand">
            <operand localId="134" locator="92:10-92:34" xsi:type="List">
               <element localId="133" locator="92:12-92:32" lowClosed="true" highClosed="false" xsi:type="Interval">
                  <low localId="131" locator="92:21-92:24" valueType="t:Decimal" value="1.50" xsi:type="Literal"/>
                  <high localId="132" locator="92:27-92:30" valueType="t:Decimal" value="5.50" xsi:type="Literal"/>
               </element>
            </operand>
            <operand xsi:type="ToQuantity">
               <operand localId="135" locator="92:40-92:42" valueType="t:Decimal" value="0.1" xsi:type="Literal"/>
            </operand>
         </expression>
      </def>
      <def localId="147" locator="94:1-95:42" name="Question4x6" context="Patient" accessLevel="Public">
         <annotation xsi:type="a:Annotation">
            <a:s r="147">
               <a:s>define &quot;Question4x6&quot;:
  </a:s>
               <a:s r="146">
                  <a:s>expand </a:s>
                  <a:s r="144">
                     <a:s>{ </a:s>
                     <a:s r="143">
                        <a:s r="141">Interval[1.55, 5.55 )</a:s>
                     </a:s>
                     <a:s> }</a:s>
                  </a:s>
                  <a:s r="145"> per 0.1</a:s>
               </a:s>
            </a:s>
         </annotation>
         <expression localId="146" locator="95:3-95:42" xsi:type="Expand">
            <operand localId="144" locator="95:10-95:34" xsi:type="List">
               <element localId="143" locator="95:12-95:32" lowClosed="true" highClosed="false" xsi:type="Interval">
                  <low localId="141" locator="95:21-95:24" valueType="t:Decimal" value="1.55" xsi:type="Literal"/>
                  <high localId="142" locator="95:27-95:30" valueType="t:Decimal" value="5.55" xsi:type="Literal"/>
               </element>
            </operand>
            <operand xsi:type="ToQuantity">
               <operand localId="145" locator="95:40-95:42" valueType="t:Decimal" value="0.1" xsi:type="Literal"/>
            </operand>
         </expression>
      </def>
      <def localId="156" locator="99:1-100:32" name="Question5x" context="Patient" accessLevel="Public">
         <annotation xsi:type="a:Annotation">
            <a:s r="156">
               <a:s>define &quot;Question5x&quot;:
  </a:s>
               <a:s r="155">
                  <a:s>expand </a:s>
                  <a:s r="154">
                     <a:s>{ </a:s>
                     <a:s r="153">
                        <a:s r="151">Interval ( 1.0, 5.0]</a:s>
                     </a:s>
                     <a:s>}</a:s>
                  </a:s>
               </a:s>
            </a:s>
         </annotation>
         <expression localId="155" locator="100:3-100:32" xsi:type="Expand">
            <operand localId="154" locator="100:10-100:32" xsi:type="List">
               <element localId="153" locator="100:12-100:31" lowClosed="false" highClosed="true" xsi:type="Interval">
                  <low localId="151" locator="100:23-100:25" valueType="t:Decimal" value="1.0" xsi:type="Literal"/>
                  <high localId="152" locator="100:28-100:30" valueType="t:Decimal" value="5.0" xsi:type="Literal"/>
               </element>
            </operand>
            <operand resultTypeName="t:Quantity" xsi:type="Null"/>
         </expression>
      </def>
      <def localId="166" locator="102:1-103:40" name="Question5x2" context="Patient" accessLevel="Public">
         <annotation xsi:type="a:Annotation">
            <a:s r="166">
               <a:s>define &quot;Question5x2&quot;:
  </a:s>
               <a:s r="165">
                  <a:s>expand </a:s>
                  <a:s r="163">
                     <a:s>{ </a:s>
                     <a:s r="162">
                        <a:s r="160">Interval ( 1.0, 5.0]</a:s>
                     </a:s>
                     <a:s>}</a:s>
                  </a:s>
                  <a:s r="164"> per 2.0</a:s>
               </a:s>
            </a:s>
         </annotation>
         <expression localId="165" locator="103:3-103:40" xsi:type="Expand">
            <operand localId="163" locator="103:10-103:32" xsi:type="List">
               <element localId="162" locator="103:12-103:31" lowClosed="false" highClosed="true" xsi:type="Interval">
                  <low localId="160" locator="103:23-103:25" valueType="t:Decimal" value="1.0" xsi:type="Literal"/>
                  <high localId="161" locator="103:28-103:30" valueType="t:Decimal" value="5.0" xsi:type="Literal"/>
               </element>
            </operand>
            <operand xsi:type="ToQuantity">
               <operand localId="164" locator="103:38-103:40" valueType="t:Decimal" value="2.0" xsi:type="Literal"/>
            </operand>
         </expression>
      </def>
      <def localId="176" locator="105:1-106:40" name="Question5x3" context="Patient" accessLevel="Public">
         <annotation xsi:type="a:Annotation">
            <a:s r="176">
               <a:s>define &quot;Question5x3&quot;:
  </a:s>
               <a:s r="175">
                  <a:s>expand </a:s>
                  <a:s r="173">
                     <a:s>{ </a:s>
                     <a:s r="172">
                        <a:s r="170">Interval ( 1.0, 5.0]</a:s>
                     </a:s>
                     <a:s>}</a:s>
                  </a:s>
                  <a:s r="174"> per 0.1</a:s>
               </a:s>
            </a:s>
         </annotation>
         <expression localId="175" locator="106:3-106:40" xsi:type="Expand">
            <operand localId="173" locator="106:10-106:32" xsi:type="List">
               <element localId="172" locator="106:12-106:31" lowClosed="false" highClosed="true" xsi:type="Interval">
                  <low localId="170" locator="106:23-106:25" valueType="t:Decimal" value="1.0" xsi:type="Literal"/>
                  <high localId="171" locator="106:28-106:30" valueType="t:Decimal" value="5.0" xsi:type="Literal"/>
               </element>
            </operand>
            <operand xsi:type="ToQuantity">
               <operand localId="174" locator="106:38-106:40" valueType="t:Decimal" value="0.1" xsi:type="Literal"/>
            </operand>
         </expression>
      </def>
      <def localId="185" locator="110:1-111:34" name="Question6x" context="Patient" accessLevel="Public">
         <annotation xsi:type="a:Annotation">
            <a:s r="185">
               <a:s>define &quot;Question6x&quot;:
  </a:s>
               <a:s r="184">
                  <a:s>expand </a:s>
                  <a:s r="183">
                     <a:s>{ </a:s>
                     <a:s r="182">
                        <a:s r="180">Interval ( 1.0, 5.0 )</a:s>
                     </a:s>
                     <a:s> }</a:s>
                  </a:s>
               </a:s>
            </a:s>
         </annotation>
         <expression localId="184" locator="111:3-111:34" xsi:type="Expand">
            <operand localId="183" locator="111:10-111:34" xsi:type="List">
               <element localId="182" locator="111:12-111:32" lowClosed="false" highClosed="false" xsi:type="Interval">
                  <low localId="180" locator="111:23-111:25" valueType="t:Decimal" value="1.0" xsi:type="Literal"/>
                  <high localId="181" locator="111:28-111:30" valueType="t:Decimal" value="5.0" xsi:type="Literal"/>
               </element>
            </operand>
            <operand resultTypeName="t:Quantity" xsi:type="Null"/>
         </expression>
      </def>
      <def localId="195" locator="113:1-114:42" name="Question6x2" context="Patient" accessLevel="Public">
         <annotation xsi:type="a:Annotation">
            <a:s r="195">
               <a:s>define &quot;Question6x2&quot;:
  </a:s>
               <a:s r="194">
                  <a:s>expand </a:s>
                  <a:s r="192">
                     <a:s>{ </a:s>
                     <a:s r="191">
                        <a:s r="189">Interval ( 1.0, 5.0 )</a:s>
                     </a:s>
                     <a:s> }</a:s>
                  </a:s>
                  <a:s r="193"> per 2.0</a:s>
               </a:s>
            </a:s>
         </annotation>
         <expression localId="194" locator="114:3-114:42" xsi:type="Expand">
            <operand localId="192" locator="114:10-114:34" xsi:type="List">
               <element localId="191" locator="114:12-114:32" lowClosed="false" highClosed="false" xsi:type="Interval">
                  <low localId="189" locator="114:23-114:25" valueType="t:Decimal" value="1.0" xsi:type="Literal"/>
                  <high localId="190" locator="114:28-114:30" valueType="t:Decimal" value="5.0" xsi:type="Literal"/>
               </element>
            </operand>
            <operand xsi:type="ToQuantity">
               <operand localId="193" locator="114:40-114:42" valueType="t:Decimal" value="2.0" xsi:type="Literal"/>
            </operand>
         </expression>
      </def>
      <def localId="205" locator="116:1-117:42" name="Question6x3" context="Patient" accessLevel="Public">
         <annotation xsi:type="a:Annotation">
            <a:s r="205">
               <a:s>define &quot;Question6x3&quot;:
  </a:s>
               <a:s r="204">
                  <a:s>expand </a:s>
                  <a:s r="202">
                     <a:s>{ </a:s>
                     <a:s r="201">
                        <a:s r="199">Interval ( 1.0, 5.0 )</a:s>
                     </a:s>
                     <a:s> }</a:s>
                  </a:s>
                  <a:s r="203"> per 0.1</a:s>
               </a:s>
            </a:s>
         </annotation>
         <expression localId="204" locator="117:3-117:42" xsi:type="Expand">
            <operand localId="202" locator="117:10-117:34" xsi:type="List">
               <element localId="201" locator="117:12-117:32" lowClosed="false" highClosed="false" xsi:type="Interval">
                  <low localId="199" locator="117:23-117:25" valueType="t:Decimal" value="1.0" xsi:type="Literal"/>
                  <high localId="200" locator="117:28-117:30" valueType="t:Decimal" value="5.0" xsi:type="Literal"/>
               </element>
            </operand>
            <operand xsi:type="ToQuantity">
               <operand localId="203" locator="117:40-117:42" valueType="t:Decimal" value="0.1" xsi:type="Literal"/>
            </operand>
         </expression>
      </def>
      <def localId="215" locator="119:1-120:44" name="Question6x4" context="Patient" accessLevel="Public">
         <annotation xsi:type="a:Annotation">
            <a:s r="215">
               <a:s>define &quot;Question6x4&quot;:
  </a:s>
               <a:s r="214">
                  <a:s>expand </a:s>
                  <a:s r="212">
                     <a:s>{ </a:s>
                     <a:s r="211">
                        <a:s r="209">Interval ( 1.00, 5.00 )</a:s>
                     </a:s>
                     <a:s> }</a:s>
                  </a:s>
                  <a:s r="213"> per 0.1</a:s>
               </a:s>
            </a:s>
         </annotation>
         <expression localId="214" locator="120:3-120:44" xsi:type="Expand">
            <operand localId="212" locator="120:10-120:36" xsi:type="List">
               <element localId="211" locator="120:12-120:34" lowClosed="false" highClosed="false" xsi:type="Interval">
                  <low localId="209" locator="120:23-120:26" valueType="t:Decimal" value="1.00" xsi:type="Literal"/>
                  <high localId="210" locator="120:29-120:32" valueType="t:Decimal" value="5.00" xsi:type="Literal"/>
               </element>
            </operand>
            <operand xsi:type="ToQuantity">
               <operand localId="213" locator="120:42-120:44" valueType="t:Decimal" value="0.1" xsi:type="Literal"/>
            </operand>
         </expression>
      </def>
      <def localId="225" locator="122:1-123:44" name="Question6x5" context="Patient" accessLevel="Public">
         <annotation xsi:type="a:Annotation">
            <a:s r="225">
               <a:s>define &quot;Question6x5&quot;:
  </a:s>
               <a:s r="224">
                  <a:s>expand </a:s>
                  <a:s r="222">
                     <a:s>{ </a:s>
                     <a:s r="221">
                        <a:s r="219">Interval ( 1.50, 5.50 )</a:s>
                     </a:s>
                     <a:s> }</a:s>
                  </a:s>
                  <a:s r="223"> per 0.1</a:s>
               </a:s>
            </a:s>
         </annotation>
         <expression localId="224" locator="123:3-123:44" xsi:type="Expand">
            <operand localId="222" locator="123:10-123:36" xsi:type="List">
               <element localId="221" locator="123:12-123:34" lowClosed="false" highClosed="false" xsi:type="Interval">
                  <low localId="219" locator="123:23-123:26" valueType="t:Decimal" value="1.50" xsi:type="Literal"/>
                  <high localId="220" locator="123:29-123:32" valueType="t:Decimal" value="5.50" xsi:type="Literal"/>
               </element>
            </operand>
            <operand xsi:type="ToQuantity">
               <operand localId="223" locator="123:42-123:44" valueType="t:Decimal" value="0.1" xsi:type="Literal"/>
            </operand>
         </expression>
      </def>
      <def localId="235" locator="125:1-126:44" name="Question6x6" context="Patient" accessLevel="Public">
         <annotation xsi:type="a:Annotation">
            <a:s r="235">
               <a:s>define &quot;Question6x6&quot;:
  </a:s>
               <a:s r="234">
                  <a:s>expand </a:s>
                  <a:s r="232">
                     <a:s>{ </a:s>
                     <a:s r="231">
                        <a:s r="229">Interval ( 1.55, 5.55 )</a:s>
                     </a:s>
                     <a:s> }</a:s>
                  </a:s>
                  <a:s r="233"> per 0.1</a:s>
               </a:s>
            </a:s>
         </annotation>
         <expression localId="234" locator="126:3-126:44" xsi:type="Expand">
            <operand localId="232" locator="126:10-126:36" xsi:type="List">
               <element localId="231" locator="126:12-126:34" lowClosed="false" highClosed="false" xsi:type="Interval">
                  <low localId="229" locator="126:23-126:26" valueType="t:Decimal" value="1.55" xsi:type="Literal"/>
                  <high localId="230" locator="126:29-126:32" valueType="t:Decimal" value="5.55" xsi:type="Literal"/>
               </element>
            </operand>
            <operand xsi:type="ToQuantity">
               <operand localId="233" locator="126:42-126:44" valueType="t:Decimal" value="0.1" xsi:type="Literal"/>
            </operand>
         </expression>
      </def>
      <def localId="244" locator="130:1-131:54" name="Question7x" context="Patient" accessLevel="Public">
         <annotation xsi:type="a:Annotation">
            <a:s r="244">
               <a:s>define &quot;Question7x&quot;:
  </a:s>
               <a:s r="243">
                  <a:s>expand </a:s>
                  <a:s r="242">
                     <a:s>{ </a:s>
                     <a:s r="241">
                        <a:s r="239">Interval[@2018-01-01, @2018-01-05]</a:s>
                     </a:s>
                     <a:s>}</a:s>
                  </a:s>
                  <a:s> per day</a:s>
               </a:s>
            </a:s>
         </annotation>
         <expression localId="243" locator="131:3-131:54" xsi:type="Expand">
            <operand localId="242" locator="131:10-131:46" xsi:type="List">
               <element localId="241" locator="131:12-131:45" lowClosed="true" highClosed="true" xsi:type="Interval">
                  <low localId="239" locator="131:21-131:31" xsi:type="Date">
                     <year valueType="t:Integer" value="2018" xsi:type="Literal"/>
                     <month valueType="t:Integer" value="1" xsi:type="Literal"/>
                     <day valueType="t:Integer" value="1" xsi:type="Literal"/>
                  </low>
                  <high localId="240" locator="131:34-131:44" xsi:type="Date">
                     <year valueType="t:Integer" value="2018" xsi:type="Literal"/>
                     <month valueType="t:Integer" value="1" xsi:type="Literal"/>
                     <day valueType="t:Integer" value="5" xsi:type="Literal"/>
                  </high>
               </element>
            </operand>
            <operand value="1.0" unit="day" xsi:type="Quantity"/>
         </expression>
      </def>
      <def localId="253" locator="133:1-134:72" name="Question8x" context="Patient" accessLevel="Public">
         <annotation xsi:type="a:Annotation">
            <a:s r="253">
               <a:s>define &quot;Question8x&quot;:
  </a:s>
               <a:s r="252">
                  <a:s>expand </a:s>
                  <a:s r="251">
                     <a:s>{ </a:s>
                     <a:s r="250">
                        <a:s r="248">Interval[@2018-01-01T01:30:00, @2018-01-05T18:30:00]</a:s>
                     </a:s>
                     <a:s>}</a:s>
                  </a:s>
                  <a:s> per day</a:s>
               </a:s>
            </a:s>
         </annotation>
         <expression localId="252" locator="134:3-134:72" xsi:type="Expand">
            <operand localId="251" locator="134:10-134:64" xsi:type="List">
               <element localId="250" locator="134:12-134:63" lowClosed="true" highClosed="true" xsi:type="Interval">
                  <low localId="248" locator="134:21-134:40" xsi:type="DateTime">
                     <year valueType="t:Integer" value="2018" xsi:type="Literal"/>
                     <month valueType="t:Integer" value="1" xsi:type="Literal"/>
                     <day valueType="t:Integer" value="1" xsi:type="Literal"/>
                     <hour valueType="t:Integer" value="1" xsi:type="Literal"/>
                     <minute valueType="t:Integer" value="30" xsi:type="Literal"/>
                     <second valueType="t:Integer" value="0" xsi:type="Literal"/>
                  </low>
                  <high localId="249" locator="134:43-134:62" xsi:type="DateTime">
                     <year valueType="t:Integer" value="2018" xsi:type="Literal"/>
                     <month valueType="t:Integer" value="1" xsi:type="Literal"/>
                     <day valueType="t:Integer" value="5" xsi:type="Literal"/>
                     <hour valueType="t:Integer" value="18" xsi:type="Literal"/>
                     <minute valueType="t:Integer" value="30" xsi:type="Literal"/>
                     <second valueType="t:Integer" value="0" xsi:type="Literal"/>
                  </high>
               </element>
            </operand>
            <operand value="1.0" unit="day" xsi:type="Quantity"/>
         </expression>
      </def>
      <def localId="262" locator="136:1-137:54" name="Question9xA" context="Patient" accessLevel="Public">
         <annotation xsi:type="a:Annotation">
            <a:s r="262">
               <a:s>define &quot;Question9xA&quot;:
  </a:s>
               <a:s r="261">
                  <a:s>expand </a:s>
                  <a:s r="260">
                     <a:s>{ </a:s>
                     <a:s r="259">
                        <a:s r="257">Interval[@2018-01-01, @2018-01-31]</a:s>
                     </a:s>
                     <a:s>}</a:s>
                  </a:s>
                  <a:s> per day</a:s>
               </a:s>
            </a:s>
         </annotation>
         <expression localId="261" locator="137:3-137:54" xsi:type="Expand">
            <operand localId="260" locator="137:10-137:46" xsi:type="List">
               <element localId="259" locator="137:12-137:45" lowClosed="true" highClosed="true" xsi:type="Interval">
                  <low localId="257" locator="137:21-137:31" xsi:type="Date">
                     <year valueType="t:Integer" value="2018" xsi:type="Literal"/>
                     <month valueType="t:Integer" value="1" xsi:type="Literal"/>
                     <day valueType="t:Integer" value="1" xsi:type="Literal"/>
                  </low>
                  <high localId="258" locator="137:34-137:44" xsi:type="Date">
                     <year valueType="t:Integer" value="2018" xsi:type="Literal"/>
                     <month valueType="t:Integer" value="1" xsi:type="Literal"/>
                     <day valueType="t:Integer" value="31" xsi:type="Literal"/>
                  </high>
               </element>
            </operand>
            <operand value="1.0" unit="day" xsi:type="Quantity"/>
         </expression>
      </def>
      <def localId="267" locator="30:1-55:5" name="Numerator" context="Patient" accessLevel="Public">
         <annotation xsi:type="a:Annotation">
            <a:s r="267">
               <a:s>define &quot;Numerator&quot;:
  </a:s>
               <a:s r="266">
                  <a:s r="45">
                     <a:s>&quot;TargetPop&quot;</a:s>
                  </a:s>
                  <a:s>
    and </a:s>
                  <a:s r="265">
                     <a:s>( </a:s>
                     <a:s r="265">
                        <a:s r="256">
                           <a:s r="247">
                              <a:s r="238">
                                 <a:s r="228">
                                    <a:s r="218">
                                       <a:s r="208">
                                          <a:s r="198">
                                             <a:s r="188">
                                                <a:s r="179">
                                                   <a:s r="169">
                                                      <a:s r="159">
                                                         <a:s r="150">
                                                            <a:s r="140">
                                                               <a:s r="130">
                                                                  <a:s r="120">
                                                                     <a:s r="110">
                                                                        <a:s r="100">
                                                                           <a:s r="91">
                                                                              <a:s r="81">
                                                                                 <a:s r="71">
                                                                                    <a:s r="62">
                                                                                       <a:s r="53">
                                                                                          <a:s>exists </a:s>
                                                                                          <a:s r="52">
                                                                                             <a:s>( </a:s>
                                                                                             <a:s r="52">
                                                                                                <a:s>&quot;Question1x&quot;</a:s>
                                                                                             </a:s>
                                                                                             <a:s> )</a:s>
                                                                                          </a:s>
                                                                                       </a:s>
                                                                                       <a:s>
        or </a:s>
                                                                                       <a:s r="61">
                                                                                          <a:s>exists </a:s>
                                                                                          <a:s r="60">
                                                                                             <a:s>( </a:s>
                                                                                             <a:s r="60">
                                                                                                <a:s>&quot;Question2x&quot;</a:s>
                                                                                             </a:s>
                                                                                             <a:s> )</a:s>
                                                                                          </a:s>
                                                                                       </a:s>
                                                                                    </a:s>
                                                                                    <a:s>
        or </a:s>
                                                                                    <a:s r="70">
                                                                                       <a:s>exists </a:s>
                                                                                       <a:s r="69">
                                                                                          <a:s>( </a:s>
                                                                                          <a:s r="69">
                                                                                             <a:s>&quot;Question3x&quot;</a:s>
                                                                                          </a:s>
                                                                                          <a:s> )</a:s>
                                                                                       </a:s>
                                                                                    </a:s>
                                                                                 </a:s>
                                                                                 <a:s>
        or </a:s>
                                                                                 <a:s r="80">
                                                                                    <a:s>exists </a:s>
                                                                                    <a:s r="79">
                                                                                       <a:s>( </a:s>
                                                                                       <a:s r="79">
                                                                                          <a:s>&quot;Question3x2&quot;</a:s>
                                                                                       </a:s>
                                                                                       <a:s> )</a:s>
                                                                                    </a:s>
                                                                                 </a:s>
                                                                              </a:s>
                                                                              <a:s>
        or </a:s>
                                                                              <a:s r="90">
                                                                                 <a:s>exists </a:s>
                                                                                 <a:s r="89">
                                                                                    <a:s>( </a:s>
                                                                                    <a:s r="89">
                                                                                       <a:s>&quot;Question3x3&quot;</a:s>
                                                                                    </a:s>
                                                                                    <a:s> )</a:s>
                                                                                 </a:s>
                                                                              </a:s>
                                                                           </a:s>
                                                                           <a:s>
        or </a:s>
                                                                           <a:s r="99">
                                                                              <a:s>exists </a:s>
                                                                              <a:s r="98">
                                                                                 <a:s>( </a:s>
                                                                                 <a:s r="98">
                                                                                    <a:s>&quot;Question4x&quot;</a:s>
                                                                                 </a:s>
                                                                                 <a:s> )</a:s>
                                                                              </a:s>
                                                                           </a:s>
                                                                        </a:s>
                                                                        <a:s>
        or </a:s>
                                                                        <a:s r="109">
                                                                           <a:s>exists </a:s>
                                                                           <a:s r="108">
                                                                              <a:s>( </a:s>
                                                                              <a:s r="108">
                                                                                 <a:s>&quot;Question4x2&quot;</a:s>
                                                                              </a:s>
                                                                              <a:s> )</a:s>
                                                                           </a:s>
                                                                        </a:s>
                                                                     </a:s>
                                                                     <a:s>
        or </a:s>
                                                                     <a:s r="119">
                                                                        <a:s>exists </a:s>
                                                                        <a:s r="118">
                                                                           <a:s>( </a:s>
                                                                           <a:s r="118">
                                                                              <a:s>&quot;Question4x3&quot;</a:s>
                                                                           </a:s>
                                                                           <a:s> )</a:s>
                                                                        </a:s>
                                                                     </a:s>
                                                                  </a:s>
                                                                  <a:s>
        or </a:s>
                                                                  <a:s r="129">
                                                                     <a:s>exists </a:s>
                                                                     <a:s r="128">
                                                                        <a:s>( </a:s>
                                                                        <a:s r="128">
                                                                           <a:s>&quot;Question4x4&quot;</a:s>
                                                                        </a:s>
                                                                        <a:s> )</a:s>
                                                                     </a:s>
                                                                  </a:s>
                                                               </a:s>
                                                               <a:s>
        or </a:s>
                                                               <a:s r="139">
                                                                  <a:s>exists </a:s>
                                                                  <a:s r="138">
                                                                     <a:s>( </a:s>
                                                                     <a:s r="138">
                                                                        <a:s>&quot;Question4x5&quot;</a:s>
                                                                     </a:s>
                                                                     <a:s> )</a:s>
                                                                  </a:s>
                                                               </a:s>
                                                            </a:s>
                                                            <a:s>
        or </a:s>
                                                            <a:s r="149">
                                                               <a:s>exists </a:s>
                                                               <a:s r="148">
                                                                  <a:s>( </a:s>
                                                                  <a:s r="148">
                                                                     <a:s>&quot;Question4x6&quot;</a:s>
                                                                  </a:s>
                                                                  <a:s> )</a:s>
                                                               </a:s>
                                                            </a:s>
                                                         </a:s>
                                                         <a:s>
        or </a:s>
                                                         <a:s r="158">
                                                            <a:s>exists </a:s>
                                                            <a:s r="157">
                                                               <a:s>( </a:s>
                                                               <a:s r="157">
                                                                  <a:s>&quot;Question5x&quot;</a:s>
                                                               </a:s>
                                                               <a:s> )</a:s>
                                                            </a:s>
                                                         </a:s>
                                                      </a:s>
                                                      <a:s>
        or </a:s>
                                                      <a:s r="168">
                                                         <a:s>exists </a:s>
                                                         <a:s r="167">
                                                            <a:s>( </a:s>
                                                            <a:s r="167">
                                                               <a:s>&quot;Question5x2&quot;</a:s>
                                                            </a:s>
                                                            <a:s> )</a:s>
                                                         </a:s>
                                                      </a:s>
                                                   </a:s>
                                                   <a:s>
        or </a:s>
                                                   <a:s r="178">
                                                      <a:s>exists </a:s>
                                                      <a:s r="177">
                                                         <a:s>( </a:s>
                                                         <a:s r="177">
                                                            <a:s>&quot;Question5x3&quot;</a:s>
                                                         </a:s>
                                                         <a:s> )</a:s>
                                                      </a:s>
                                                   </a:s>
                                                </a:s>
                                                <a:s>
        or </a:s>
                                                <a:s r="187">
                                                   <a:s>exists </a:s>
                                                   <a:s r="186">
                                                      <a:s>( </a:s>
                                                      <a:s r="186">
                                                         <a:s>&quot;Question6x&quot;</a:s>
                                                      </a:s>
                                                      <a:s> )</a:s>
                                                   </a:s>
                                                </a:s>
                                             </a:s>
                                             <a:s>
        or </a:s>
                                             <a:s r="197">
                                                <a:s>exists </a:s>
                                                <a:s r="196">
                                                   <a:s>( </a:s>
                                                   <a:s r="196">
                                                      <a:s>&quot;Question6x2&quot;</a:s>
                                                   </a:s>
                                                   <a:s> )</a:s>
                                                </a:s>
                                             </a:s>
                                          </a:s>
                                          <a:s>
        or </a:s>
                                          <a:s r="207">
                                             <a:s>exists </a:s>
                                             <a:s r="206">
                                                <a:s>( </a:s>
                                                <a:s r="206">
                                                   <a:s>&quot;Question6x3&quot;</a:s>
                                                </a:s>
                                                <a:s> )</a:s>
                                             </a:s>
                                          </a:s>
                                       </a:s>
                                       <a:s>
        or </a:s>
                                       <a:s r="217">
                                          <a:s>exists </a:s>
                                          <a:s r="216">
                                             <a:s>( </a:s>
                                             <a:s r="216">
                                                <a:s>&quot;Question6x4&quot;</a:s>
                                             </a:s>
                                             <a:s> )</a:s>
                                          </a:s>
                                       </a:s>
                                    </a:s>
                                    <a:s>
        or </a:s>
                                    <a:s r="227">
                                       <a:s>exists </a:s>
                                       <a:s r="226">
                                          <a:s>( </a:s>
                                          <a:s r="226">
                                             <a:s>&quot;Question6x5&quot;</a:s>
                                          </a:s>
                                          <a:s> )</a:s>
                                       </a:s>
                                    </a:s>
                                 </a:s>
                                 <a:s>
        or </a:s>
                                 <a:s r="237">
                                    <a:s>exists </a:s>
                                    <a:s r="236">
                                       <a:s>( </a:s>
                                       <a:s r="236">
                                          <a:s>&quot;Question6x6&quot;</a:s>
                                       </a:s>
                                       <a:s> )</a:s>
                                    </a:s>
                                 </a:s>
                              </a:s>
                              <a:s>
        or </a:s>
                              <a:s r="246">
                                 <a:s>exists </a:s>
                                 <a:s r="245">
                                    <a:s>( </a:s>
                                    <a:s r="245">
                                       <a:s>&quot;Question7x&quot;</a:s>
                                    </a:s>
                                    <a:s> )</a:s>
                                 </a:s>
                              </a:s>
                           </a:s>
                           <a:s>
        or </a:s>
                           <a:s r="255">
                              <a:s>exists </a:s>
                              <a:s r="254">
                                 <a:s>( </a:s>
                                 <a:s r="254">
                                    <a:s>&quot;Question8x&quot;</a:s>
                                 </a:s>
                                 <a:s> )</a:s>
                              </a:s>
                           </a:s>
                        </a:s>
                        <a:s>
        or </a:s>
                        <a:s r="264">
                           <a:s>exists </a:s>
                           <a:s r="263">
                              <a:s>( </a:s>
                              <a:s r="263">
                                 <a:s>&quot;Question9xA&quot;</a:s>
                              </a:s>
                              <a:s> )</a:s>
                           </a:s>
                        </a:s>
                     </a:s>
                     <a:s>
    )</a:s>
                  </a:s>
               </a:s>
            </a:s>
         </annotation>
         <expression localId="266" locator="31:3-55:5" xsi:type="And">
            <operand localId="45" locator="31:3-31:13" name="TargetPop" xsi:type="ExpressionRef"/>
            <operand localId="265" locator="32:9-55:5" xsi:type="Or">
               <operand localId="256" locator="32:11-53:34" xsi:type="Or">
                  <operand localId="247" locator="32:11-52:34" xsi:type="Or">
                     <operand localId="238" locator="32:11-51:35" xsi:type="Or">
                        <operand localId="228" locator="32:11-50:35" xsi:type="Or">
                           <operand localId="218" locator="32:11-49:35" xsi:type="Or">
                              <operand localId="208" locator="32:11-48:35" xsi:type="Or">
                                 <operand localId="198" locator="32:11-47:35" xsi:type="Or">
                                    <operand localId="188" locator="32:11-46:34" xsi:type="Or">
                                       <operand localId="179" locator="32:11-45:35" xsi:type="Or">
                                          <operand localId="169" locator="32:11-44:35" xsi:type="Or">
                                             <operand localId="159" locator="32:11-43:34" xsi:type="Or">
                                                <operand localId="150" locator="32:11-42:35" xsi:type="Or">
                                                   <operand localId="140" locator="32:11-41:35" xsi:type="Or">
                                                      <operand localId="130" locator="32:11-40:35" xsi:type="Or">
                                                         <operand localId="120" locator="32:11-39:35" xsi:type="Or">
                                                            <operand localId="110" locator="32:11-38:35" xsi:type="Or">
                                                               <operand localId="100" locator="32:11-37:34" xsi:type="Or">
                                                                  <operand localId="91" locator="32:11-36:35" xsi:type="Or">
                                                                     <operand localId="81" locator="32:11-35:35" xsi:type="Or">
                                                                        <operand localId="71" locator="32:11-34:34" xsi:type="Or">
                                                                           <operand localId="62" locator="32:11-33:34" xsi:type="Or">
                                                                              <operand localId="53" locator="32:11-32:33" xsi:type="Exists">
                                                                                 <operand localId="52" locator="32:18-32:33" name="Question1x" xsi:type="ExpressionRef"/>
                                                                              </operand>
                                                                              <operand localId="61" locator="33:12-33:34" xsi:type="Exists">
                                                                                 <operand localId="60" locator="33:19-33:34" name="Question2x" xsi:type="ExpressionRef"/>
                                                                              </operand>
                                                                           </operand>
                                                                           <operand localId="70" locator="34:12-34:34" xsi:type="Exists">
                                                                              <operand localId="69" locator="34:19-34:34" name="Question3x" xsi:type="ExpressionRef"/>
                                                                           </operand>
                                                                        </operand>
                                                                        <operand localId="80" locator="35:12-35:35" xsi:type="Exists">
                                                                           <operand localId="79" locator="35:19-35:35" name="Question3x2" xsi:type="ExpressionRef"/>
                                                                        </operand>
                                                                     </operand>
                                                                     <operand localId="90" locator="36:12-36:35" xsi:type="Exists">
                                                                        <operand localId="89" locator="36:19-36:35" name="Question3x3" xsi:type="ExpressionRef"/>
                                                                     </operand>
                                                                  </operand>
                                                                  <operand localId="99" locator="37:12-37:34" xsi:type="Exists">
                                                                     <operand localId="98" locator="37:19-37:34" name="Question4x" xsi:type="ExpressionRef"/>
                                                                  </operand>
                                                               </operand>
                                                               <operand localId="109" locator="38:12-38:35" xsi:type="Exists">
                                                                  <operand localId="108" locator="38:19-38:35" name="Question4x2" xsi:type="ExpressionRef"/>
                                                               </operand>
                                                            </operand>
                                                            <operand localId="119" locator="39:12-39:35" xsi:type="Exists">
                                                               <operand localId="118" locator="39:19-39:35" name="Question4x3" xsi:type="ExpressionRef"/>
                                                            </operand>
                                                         </operand>
                                                         <operand localId="129" locator="40:12-40:35" xsi:type="Exists">
                                                            <operand localId="128" locator="40:19-40:35" name="Question4x4" xsi:type="ExpressionRef"/>
                                                         </operand>
                                                      </operand>
                                                      <operand localId="139" locator="41:12-41:35" xsi:type="Exists">
                                                         <operand localId="138" locator="41:19-41:35" name="Question4x5" xsi:type="ExpressionRef"/>
                                                      </operand>
                                                   </operand>
                                                   <operand localId="149" locator="42:12-42:35" xsi:type="Exists">
                                                      <operand localId="148" locator="42:19-42:35" name="Question4x6" xsi:type="ExpressionRef"/>
                                                   </operand>
                                                </operand>
                                                <operand localId="158" locator="43:12-43:34" xsi:type="Exists">
                                                   <operand localId="157" locator="43:19-43:34" name="Question5x" xsi:type="ExpressionRef"/>
                                                </operand>
                                             </operand>
                                             <operand localId="168" locator="44:12-44:35" xsi:type="Exists">
                                                <operand localId="167" locator="44:19-44:35" name="Question5x2" xsi:type="ExpressionRef"/>
                                             </operand>
                                          </operand>
                                          <operand localId="178" locator="45:12-45:35" xsi:type="Exists">
                                             <operand localId="177" locator="45:19-45:35" name="Question5x3" xsi:type="ExpressionRef"/>
                                          </operand>
                                       </operand>
                                       <operand localId="187" locator="46:12-46:34" xsi:type="Exists">
                                          <operand localId="186" locator="46:19-46:34" name="Question6x" xsi:type="ExpressionRef"/>
                                       </operand>
                                    </operand>
                                    <operand localId="197" locator="47:12-47:35" xsi:type="Exists">
                                       <operand localId="196" locator="47:19-47:35" name="Question6x2" xsi:type="ExpressionRef"/>
                                    </operand>
                                 </operand>
                                 <operand localId="207" locator="48:12-48:35" xsi:type="Exists">
                                    <operand localId="206" locator="48:19-48:35" name="Question6x3" xsi:type="ExpressionRef"/>
                                 </operand>
                              </operand>
                              <operand localId="217" locator="49:12-49:35" xsi:type="Exists">
                                 <operand localId="216" locator="49:19-49:35" name="Question6x4" xsi:type="ExpressionRef"/>
                              </operand>
                           </operand>
                           <operand localId="227" locator="50:12-50:35" xsi:type="Exists">
                              <operand localId="226" locator="50:19-50:35" name="Question6x5" xsi:type="ExpressionRef"/>
                           </operand>
                        </operand>
                        <operand localId="237" locator="51:12-51:35" xsi:type="Exists">
                           <operand localId="236" locator="51:19-51:35" name="Question6x6" xsi:type="ExpressionRef"/>
                        </operand>
                     </operand>
                     <operand localId="246" locator="52:12-52:34" xsi:type="Exists">
                        <operand localId="245" locator="52:19-52:34" name="Question7x" xsi:type="ExpressionRef"/>
                     </operand>
                  </operand>
                  <operand localId="255" locator="53:12-53:34" xsi:type="Exists">
                     <operand localId="254" locator="53:19-53:34" name="Question8x" xsi:type="ExpressionRef"/>
                  </operand>
               </operand>
               <operand localId="264" locator="54:12-54:35" xsi:type="Exists">
                  <operand localId="263" locator="54:19-54:35" name="Question9xA" xsi:type="ExpressionRef"/>
               </operand>
            </operand>
         </expression>
      </def>
      <def localId="269" locator="139:1-140:51" name="SDE Ethnicity" context="Patient" accessLevel="Public">
         <annotation xsi:type="a:Annotation">
            <a:s r="269">
               <a:s>define &quot;SDE Ethnicity&quot;:
  </a:s>
               <a:s r="268">
                  <a:s>[&quot;Patient Characteristic Ethnicity&quot;: </a:s>
                  <a:s>
                     <a:s>&quot;Ethnicity&quot;</a:s>
                  </a:s>
                  <a:s>]</a:s>
               </a:s>
            </a:s>
         </annotation>
         <expression localId="268" locator="140:3-140:51" xmlns:ns3="urn:healthit-gov:qdm:v5_5" dataType="ns3:PatientCharacteristicEthnicity" codeProperty="code" xsi:type="Retrieve">
            <codes locator="140:40-140:50" name="Ethnicity" xsi:type="ValueSetRef"/>
         </expression>
      </def>
      <def localId="271" locator="142:1-143:43" name="SDE Payer" context="Patient" accessLevel="Public">
         <annotation xsi:type="a:Annotation">
            <a:s r="271">
               <a:s>define &quot;SDE Payer&quot;:
  </a:s>
               <a:s r="270">
                  <a:s>[&quot;Patient Characteristic Payer&quot;: </a:s>
                  <a:s>
                     <a:s>&quot;Payer&quot;</a:s>
                  </a:s>
                  <a:s>]</a:s>
               </a:s>
            </a:s>
         </annotation>
         <expression localId="270" locator="143:3-143:43" xmlns:ns4="urn:healthit-gov:qdm:v5_5" dataType="ns4:PatientCharacteristicPayer" codeProperty="code" xsi:type="Retrieve">
            <codes locator="143:36-143:42" name="Payer" xsi:type="ValueSetRef"/>
         </expression>
      </def>
      <def localId="273" locator="145:1-146:41" name="SDE Race" context="Patient" accessLevel="Public">
         <annotation xsi:type="a:Annotation">
            <a:s r="273">
               <a:s>define &quot;SDE Race&quot;:
  </a:s>
               <a:s r="272">
                  <a:s>[&quot;Patient Characteristic Race&quot;: </a:s>
                  <a:s>
                     <a:s>&quot;Race&quot;</a:s>
                  </a:s>
                  <a:s>]</a:s>
               </a:s>
            </a:s>
         </annotation>
         <expression localId="272" locator="146:3-146:41" xmlns:ns5="urn:healthit-gov:qdm:v5_5" dataType="ns5:PatientCharacteristicRace" codeProperty="code" xsi:type="Retrieve">
            <codes locator="146:35-146:40" name="Race" xsi:type="ValueSetRef"/>
         </expression>
      </def>
      <def localId="275" locator="148:1-149:58" name="SDE Sex" context="Patient" accessLevel="Public">
         <annotation xsi:type="a:Annotation">
            <a:s r="275">
               <a:s>define &quot;SDE Sex&quot;:
  </a:s>
               <a:s r="274">
                  <a:s>[&quot;Patient Characteristic Sex&quot;: </a:s>
                  <a:s>
                     <a:s>&quot;ONC Administrative Sex&quot;</a:s>
                  </a:s>
                  <a:s>]</a:s>
               </a:s>
            </a:s>
         </annotation>
         <expression localId="274" locator="149:3-149:58" xmlns:ns6="urn:healthit-gov:qdm:v5_5" dataType="ns6:PatientCharacteristicSex" codeProperty="code" xsi:type="Retrieve">
            <codes locator="149:34-149:57" name="ONC Administrative Sex" xsi:type="ValueSetRef"/>
         </expression>
      </def>
   </statements>
</library>
