<?xml version="1.0" encoding="UTF-8" standalone="yes"?>
<QualityMeasureDocument xmlns="urn:hl7-org:v3" xmlns:cql-ext="urn:hhs-cql:hqmf-n1-extensions:v1"
                        xmlns:xsi="http://www.w3.org/2001/XMLSchema-instance">

      <!--
            **************************************************************
            Measure Details Section
            **************************************************************
        -->

      <typeId extension="POQM_HD000001UV02" root="2.16.840.1.113883.1.3"/>
   <templateId>
      <item extension="2019-05-01" root="2.16.840.1.113883.10.20.28.1.2"/>
   </templateId>
   <id root="2c928082-742d-b110-0174-9227beb20f17"/>
   <code code="57024-2" codeSystem="2.16.840.1.113883.6.1">
      <displayName value="Health Quality Measure Document"/>
   </code>
   <title
          value="Appropriate Monitoring of TSH and FT4 for Endocrine-Mediated Immunotherapy Toxicity for Patients Receiving Immune-Checkpoint Inhibitors"/>
   <text
         value="Percentage of patients, aged 18 years and older, with a diagnosis of cancer receiving an immune-checkpoint inhibitor (ICI) for whom Thyroid Stimulating Hormone (TSH) testing is performed at least once every 8 weeks, for a maximum duration of 1 year from the start of continuous ICI therapy, while receiving any continuous ICI treatment, and for whom free thyroxine (FT4) testing is performed either at the same time or within one week of an abnormal TSH test result"/>
   <statusCode code="COMPLETED"/>
   <setId root="22dbe57c-e6dc-4f2b-b14c-2af3ea65ce78"/>
   <versionNumber value="0.0.174"/>
   <author>
      <responsibleParty classCode="ASSIGNED">
         <representedResponsibleOrganization classCode="ORG" determinerCode="INSTANCE">
            <id>
               <item root="2.16.840.1.113883.3.1444"/>
            </id>
            <name>
               <item>
                  <part value="American Society of Clinical Oncology"/>
               </item>
            </name>
         </representedResponsibleOrganization>
      </responsibleParty>
   </author>
   <custodian>
      <responsibleParty classCode="ASSIGNED">
         <representedResponsibleOrganization classCode="ORG" determinerCode="INSTANCE">
            <id>
               <item root="99"/>
            </id>
            <name>
               <item>
                  <part value="American Society of Clinical Oncology"/>
               </item>
            </name>
         </representedResponsibleOrganization>
      </responsibleParty>
   </custodian>
   <!--Payer-->
     	 <definition>
      <valueSet classCode="OBS" moodCode="DEF">
         <id root="2.16.840.1.114222.4.11.3591"/>
         <title value="Payer"/>
      </valueSet>
   </definition>
   <!--ONC Administrative Sex-->
     	 <definition>
      <valueSet classCode="OBS" moodCode="DEF">
         <id root="2.16.840.1.113762.1.4.1"/>
         <title value="ONC Administrative Sex"/>
      </valueSet>
   </definition>
   <!--Ethnicity-->
     	 <definition>
      <valueSet classCode="OBS" moodCode="DEF">
         <id root="2.16.840.1.114222.4.11.837"/>
         <title value="Ethnicity"/>
      </valueSet>
   </definition>
   <!--Immunotherapy for Advanced Cancer-->
     	 <definition>
      <valueSet classCode="OBS" moodCode="DEF">
         <id root="2.16.840.1.113883.3.7643.3.1049"/>
         <title value="Immunotherapy for Advanced Cancer"/>
      </valueSet>
   </definition>
   <!--Race-->
     	 <definition>
      <valueSet classCode="OBS" moodCode="DEF">
         <id root="2.16.840.1.114222.4.11.836"/>
         <title value="Race"/>
      </valueSet>
   </definition>
   <!--Cancer-->
     	 <definition>
      <valueSet classCode="OBS" moodCode="DEF">
         <id root="2.16.840.1.113883.3.526.3.1010"/>
         <title value="Cancer"/>
      </valueSet>
   </definition>
   <!--Thyroxine (T4) free [Mass/volume] in Serum or Plasma-CODE:/CodeSystem/LOINC/Version/2.68/Code/3024-7/Info-->
      <definition>
      <cql-ext:code code="3024-7" codeSystem="2.16.840.1.113883.6.1" codeSystemName="LOINC">
         <displayName value="Thyroxine (T4) free [Mass/volume] in Serum or Plasma"/>
      </cql-ext:code>
   </definition>
   <!--Thyrotropin [Units/volume] in Serum or Plasma-CODE:/CodeSystem/LOINC/Version/2.68/Code/3016-3/Info-->
      <definition>
      <cql-ext:code code="3016-3" codeSystem="2.16.840.1.113883.6.1" codeSystemName="LOINC">
         <displayName value="Thyrotropin [Units/volume] in Serum or Plasma"/>
      </cql-ext:code>
   </definition>
   <relatedDocument typeCode="COMP">
      <expressionDocument>
         <id root="CB2F333C-B181-4454-A75E-D492F2815ADB"/>
         <text mediaType="text/cql">
            <reference value="https://emeasuretool.cms.gov/libraries/22dbe57c-e6dc-4f2b-b14c-2af3ea65ce78/TestingOnly-0.0.174.cql"/>
            <translation mediaType="application/elm+xml">
               <reference value="https://emeasuretool.cms.gov/libraries/22dbe57c-e6dc-4f2b-b14c-2af3ea65ce78/TestingOnly-0.0.174.xml"/>
            </translation>
            <translation mediaType="application/elm+json">
               <reference value="https://emeasuretool.cms.gov/libraries/22dbe57c-e6dc-4f2b-b14c-2af3ea65ce78/TestingOnly-0.0.174.json"/>
            </translation>
         </text>
         <setId extension="22dbe57c-e6dc-4f2b-b14c-2af3ea65ce78" identifierName="TestingOnly"
                root="https://emeasuretool.cms.gov/libraries"/>
         <versionNumber value="0.0.174"/>
      </expressionDocument>
   </relatedDocument>
   <controlVariable>
      <measurePeriod>
         <id extension="measureperiod" root="f4dcdaba-f4c2-49af-9adb-9f205040b21a"/>
         <code code="MSRTP" codeSystem="2.16.840.1.113883.5.4">
            <originalText value="Measurement Period"/>
         </code>
         <value xsi:type="PIVL_TS">
            <phase highClosed="true" lowClosed="true">
               <low value="20210101"/>
               <width unit="a" value="1" xsi:type="PQ"/>
            </phase>
            <period unit="a" value="1"/>
         </value>
      </measurePeriod>
   </controlVariable>
   <subjectOf>
      <measureAttribute>
         <code nullFlavor="OTH">
            <originalText value="eCQM Identifier (Measure Authoring Tool)"/>
         </code>
         <value mediaType="text/plain" value="" xsi:type="ED"/>
      </measureAttribute>
   </subjectOf>
   <subjectOf>
      <measureAttribute>
         <code nullFlavor="OTH">
            <originalText value="NQF Number"/>
         </code>
         <value mediaType="text/plain" value="Not Applicable" xsi:type="ED"/>
      </measureAttribute>
   </subjectOf>
   <subjectOf>
      <measureAttribute>
         <code code="COPY" codeSystem="2.16.840.1.113883.5.4">
            <displayName value="Copyright"/>
         </code>
         <value mediaType="text/plain"
                value="Copyright 2020 American Society of Clinical Oncology. All Rights Reserved."
                xsi:type="ED"/>
      </measureAttribute>
   </subjectOf>
   <subjectOf>
      <measureAttribute>
         <code code="DISC" codeSystem="2.16.840.1.113883.5.4">
            <displayName value="Disclaimer"/>
         </code>
         <value mediaType="text/plain"
                value="The Measure is not a clinical guideline, does not establish a standard of medical care, and has not been tested for all potential applications.&#xA;&#xA;The Measure, while copyrighted, can be reproduced and distributed, without modification, for noncommercial purposes, e.g., use by health care providers in connection with their practices. Commercial use is defined as the sale, license, or distribution of the Measures for commercial gain, or incorporation of the Measure into a product or service that is sold, licensed or distributed for commercial gain.&#xA;&#xA;Commercial uses of the Measure require a license agreement between the user and the American Society of Clinical Oncology (ASCO) and prior written approval of ASCO. Contact measurement@asco.org for licensing this measure. Neither ASCO nor its members shall be responsible for any use of the Measures.&#xA;&#xA;ASCO encourages use of the Measures by other health care professionals, where appropriate.&#xA;&#xA;THE MEASURES AND SPECIFICATIONS ARE PROVIDED &quot;AS IS&quot; WITHOUT WARRANTY OF ANY KIND.&#xA;&#xA;Limited proprietary coding is contained in the Measure specification for convenience. Users of the proprietary code sets should obtain all necessary licenses from the owners of these code sets. ASCO and its members disclaim all liability for use or accuracy of any Current Procedural Terminology (CPT[R]) or other coding contained in the specification.&#xA;&#xA;CPT(R) contained in the Measures specifications is copyright 2004-2020 American Medical Association. ICD-10 is copyright 2020 World Health Organization. LOINC(R) copyright 2004-2020 Regenstrief Institute, Inc. SNOMED CLINICAL TERMS (SNOMED CT[R]) copyright 2004-2020 International Health Terminology Standards Development Organisation. All Rights Reserved.&#xA;&#xA;Due to technical limitations, registered trademarks are indicated by (R) or [R]."
                xsi:type="ED"/>
      </measureAttribute>
   </subjectOf>
   <subjectOf>
      <measureAttribute>
         <code code="MSRSCORE" codeSystem="2.16.840.1.113883.5.4">
            <displayName value="Measure Scoring"/>
         </code>
         <value code="PROPOR" codeSystem="2.16.840.1.113883.5.1063" xsi:type="CD">
            <displayName value="Proportion"/>
         </value>
      </measureAttribute>
   </subjectOf>
   <subjectOf>
      <measureAttribute>
         <code code="MSRTYPE" codeSystem="2.16.840.1.113883.5.4">
            <displayName value="Measure Type"/>
         </code>
         <value code="INTERM-OM" codeSystem="2.16.840.1.113883.5.1063" xsi:type="CD">
            <displayName value="INTERM-OM"/>
         </value>
      </measureAttribute>
   </subjectOf>
   <subjectOf>
      <measureAttribute>
         <code code="STRAT" codeSystem="2.16.840.1.113883.5.4">
            <displayName value="Stratification"/>
         </code>
         <value mediaType="text/plain" value="None" xsi:type="ED"/>
      </measureAttribute>
   </subjectOf>
   <subjectOf>
      <measureAttribute>
         <code code="MSRADJ" codeSystem="2.16.840.1.113883.5.4">
            <displayName value="Risk Adjustment"/>
         </code>
         <value mediaType="text/plain" value="None" xsi:type="ED"/>
      </measureAttribute>
   </subjectOf>
   <subjectOf>
      <measureAttribute>
         <code code="MSRAGG" codeSystem="2.16.840.1.113883.5.4">
            <displayName value="Rate Aggregation"/>
         </code>
         <value mediaType="text/plain" value="None" xsi:type="ED"/>
      </measureAttribute>
   </subjectOf>
   <subjectOf>
      <measureAttribute>
         <code code="RAT" codeSystem="2.16.840.1.113883.5.4">
            <displayName value="Rationale"/>
         </code>
         <value mediaType="text/plain"
                value="Immune-Checkpoint Inhibitor (ICI)- related endocrine gland autoimmunity may result in dysfunction of the thyroid, pituitary, adrenal glands and/or pancreas. Hypothyroidism, hyperthyroidism, hypophysitis, type I diabetes and primary adrenal insufficiency are documented manifestations of immune-mediated endocrine gland dysfunction. Monitoring for ICI-mediated endocrine toxicity is necessary as these toxicities may result in permanent organ damage and require life-long hormonal supplementation. This measure intends to focus on monitoring for the two most common endocrine immune-related adverse events (irAEs): hypophysitis and hypothyroidism. &#xA;&#xA;TSH and free thyroxine (FT4) levels are effective tools to monitor for immunotherapy-related toxicities of the thyroid (hypothyroidism) and pituitary gland (hypophysitis). Based on expert consensus and an unpublished update to ASCO’s guideline, it is an appropriate practice to either monitor FT4 simultaneously along with TSH or to draw FT4 only if an abnormal TSH result is rendered. When the laboratory performs automatically performs an FT4 test on the blood sample if an abnormal TSH is rendered, it referred to as &quot;reflex&quot; testing. Although laboratories vary, most report a normal TSH reference range between 0.4-0.5 mU/L on the lower end and 4-5.5 mU/L on the upper end of the range.&#xA;&#xA;A low TSH suggests hyperthyroidism if the thyroid hormone level is elevated and indicates central hypothyroidism if T4 is low. Testing both TSH and FT4 is especially important when monitoring for hypophysitis because TSH can be at low-normal levels but lack function with pituitary disease. While the TEP acknowledges routine monitoring of FT4 may be valuable to identify hypophysitis in patients who sometimes present with central hypothyroidism, which is not usually detectable by TSH alone, this population of hypophysitis patients expressing normal TSH levels can be identified via FT4 testing triggered by symptoms. Appropriate FT4 testing as follow-up to investigate symptoms is outside of the scope of this measure. &#xA;&#xA;The intention of this measure is to capture patients who started ICI therapy in the previous measurement period and for whom 12 months from the start of ICI therapy occurs during the measurement period. &#xA;&#xA;This measure includes monitoring for both symptomatic and asymptomatic patients receiving ICIs. As such, the timeframe of 8 weeks was selected as a minimum requirement for monitoring which encompasses guideline recommendations for patients who have normal thyroid function or who continue to be asymptomatic despite thyroid abnormalities. The TEP expects most physicians to screen for TSH abnormalities more regularly than once per 8-weeks and recommends adherence to the once every 3-6 weeks' timeframe expressed in the ASCO guideline. The window of at least once every 8 weeks was selected as the model for measurement to allow for delays in lab turnaround or documentation and to allow flexibility regarding reasonable treatment delays or scheduling conflicts."
                xsi:type="ED"/>
      </measureAttribute>
   </subjectOf>
   <subjectOf>
      <measureAttribute>
         <code code="CRS" codeSystem="2.16.840.1.113883.5.4">
            <displayName value="Clinical Recommendation Statement"/>
         </code>
         <value mediaType="text/plain"
                value="ASCO Management of Immune-Related Adverse Events in Patients Treated With Immune Checkpoint Inhibitor or Chimeric Antigen Receptor (CAR) T-Cell Therapy: Clinical Practice Guideline Update. Unpublished Manuscript. (Verbatim)&#xA;&#xA;Endocrine Toxicity. Diagnostic Workup: &quot;Test TSH every 4-6 weeks and FT4, either at the same time or within a week of an abnormal TSH, as part of routine clinical monitoring for asymptomatic patients on therapy or as needed for case detection in symptomatic patients.&quot;"
                xsi:type="ED"/>
      </measureAttribute>
   </subjectOf>
   <subjectOf>
      <measureAttribute>
         <code code="IDUR" codeSystem="2.16.840.1.113883.5.4">
            <displayName value="Improvement Notation"/>
         </code>
         <value mediaType="text/plain" value="Better quality is associated with a higher score"
                xsi:type="ED"/>
      </measureAttribute>
   </subjectOf>
   <subjectOf>
      <measureAttribute>
         <code code="REF" codeSystem="2.16.840.1.113883.5.4">
            <displayName value="Reference"/>
         </code>
         <value mediaType="text/plain"
                value="CITATIONBrahmer JR, Lacchetti C, Schneider BJ, et al: Management of Immune-Related Adverse Events in Patients Treated With Immune Checkpoint Inhibitor Therapy: American Society of Clinical Oncology Clinical Practice Guideline. Journal of Clinical Oncology 36:1714-1768, 2018. https://ascopubs.org/doi/full/10.1200/JCO.2017.77.6385"
                xsi:type="ED"/>
      </measureAttribute>
   </subjectOf>
   <subjectOf>
      <measureAttribute>
         <code code="REF" codeSystem="2.16.840.1.113883.5.4">
            <displayName value="Reference"/>
         </code>
         <value mediaType="text/plain"
                value="CITATIONNational Comprehensive Cancer Center (NCCN) Practice Guidelines in Oncology™. Management of Immunotherapy-Related Toxicities Guideline, V.1.2020. https://www.nccn.org/professionals/physician_gls/pdf/immunotherapy.pdf"
                xsi:type="ED"/>
      </measureAttribute>
   </subjectOf>
   <subjectOf>
      <measureAttribute>
         <code code="REF" codeSystem="2.16.840.1.113883.5.4">
            <displayName value="Reference"/>
         </code>
         <value mediaType="text/plain"
                value="CITATIONPuzanov I, Diab A, Abdallah K, et al: Managing toxicities associated with immune checkpoint inhibitors: consensus recommendations from the Society for Immunotherapy of Cancer (SITC) Toxicity Management Working Group. Journal for ImmunoTherapy of Cancer 5:95, 2017. https://jitc.biomedcentral.com/articles/10.1186/s40425-017-0300-z#citeas"
                xsi:type="ED"/>
      </measureAttribute>
   </subjectOf>
   <subjectOf>
      <measureAttribute>
         <code code="REF" codeSystem="2.16.840.1.113883.5.4">
            <displayName value="Reference"/>
         </code>
         <value mediaType="text/plain"
                value="CITATIONManagement of Immune-Related Adverse Events in Patients Treated With Immune Checkpoint Inhibitor Therapy or Chimeric Antigen Receptor (CAR) T-Cell Therapy: American Society of Clinical Oncology Clinical Practice Guideline. Unpublished Manuscript. Submission to the Journal of Clinical Oncology for Publication Expected in 2021."
                xsi:type="ED"/>
      </measureAttribute>
   </subjectOf>
   <subjectOf>
      <measureAttribute>
         <code code="DEF" codeSystem="2.16.840.1.113883.5.4">
            <displayName value="Definition"/>
         </code>
         <value mediaType="text/plain" value="None" xsi:type="ED"/>
      </measureAttribute>
   </subjectOf>
   <subjectOf>
      <measureAttribute>
         <code code="GUIDE" codeSystem="2.16.840.1.113883.5.4">
            <displayName value="Guidance"/>
         </code>
         <value mediaType="text/plain"
                value="This measure is to be submitted once per measurement period (i.e., calendar year). This is a patient-based measure; the level of analysis for this measure is every patient with a diagnosis of cancer who started ICI therapy within 12 months prior to the start of the current measurement period and is under the care of the reporting clinician during the measurement period. The intention of this measure is to capture patients who started ICI therapy in the previous measurement period and for whom 12 months from the start of ICI therapy occurs during the measurement period.&#xA;&#xA;For individual clinicians reporting from the same institution and sharing an EHR system, it is expected that the measure is reported on by the individual clinician and not as a group. The measure steward suggests implementers review the ICI order to determine the ordering clinician and accordingly assign the responsible provider for a given timeframe. Each clinician is only responsible for this measure for the time that ICI is administered under their care. &#xA;&#xA;Patients are eligible to meet the denominator when starting an ICI therapy for the first time or when the ICI therapy is considered non-continuous from previous therapy (i.e., more than 8 weeks since the same or any other ICI regimen received). Multiple non-continuous ICI therapy start dates occurring in separate calendar years will be eligible for different measurement periods and, thus, different program years. For patients with multiple non-continuous ICI therapy start dates occurring in the same calendar year, reporting is limited to the first receipt to avoid double counting the patient. &#xA;&#xA;For the purposes of this measure, only ICI start dates performed in the previous 12-month measurement period will be considered for denominator eligibility. &#xA;&#xA;Immune-Checkpoint Inhibitor (ICI) - Include any regimen that includes an ICI, whether as a single agent or combination therapy. ICIs comprise a novel class of agents targeting immune cell “checkpoints,” including programmed cell death-1 (PD-1; e.g., nivolumab, pembrolizumab, cemiplimab), and PD-1 ligand (PD-L1; e.g., atezolizumab, avelumab, durvalumab) and cytotoxic T-lymphocyte-associated antigen 4 (CTLA-4; e.g., ipilimumab, tremelimumab).&#xA;&#xA;&quot;Continuous therapy” is defined as any ICI regimen administered within or at 8 weeks of the same ICI regimen or another ICI regimen. ICI is considered non-continuous if greater than 8 weeks elapses between ICI administrations and applies to any time period greater than 8 weeks during which the patient does not receive an ICI, including drug holds lasting longer than 8 weeks. Allow for changes in ICI regimen as long as the treatment is continuous.&#xA;          - If continuous, defined as the same ICI regimen or another ICI regimen administered within or at 8 &#xA;            weeks of the same ICI regimen or another ICI regimen, continue to follow the patient until the &#xA;            lesser of a 1-year duration from the start of ICI therapy or ICI end date. &#xA;          - If non-continuous, assess using only the first ICI start date and the first ICI end date. &#xA;&#xA;TSH testing is performed at least once per 8-week time interval. The first 8-week time interval calculation begins with the patients ICI start date. The actual date of each test does not influence the subsequent intervals. The result is to calculate if the patient got at least 1 TSH test per each 8-week period (Week 0-8, week 8-16, week 16-24, week 24-32, week 32-40, week 40-48, week 48-56). &#xA;Calculate the intervals using the following logic: &#xA;          - Bin 1: Week 0-8 from ICI start date&#xA;          - Bin 2: Week 8-16 from ICI start date &#xA;          - Bin 3: Week 16-24 from ICI start date &#xA;          - Bin 4: Week 24-32 from ICI start date&#xA;          - Bin 5: Week 32-40 from ICI start date&#xA;          - Bin 6: Week 40-48 from ICI start date&#xA;          - Bin 7: Week 48-56 from ICI start date&#xA;- If patient stops ICI before exactly 12 months (1-year) from ICI start date, look for 1 TSH test within the bin the patient ICI end date falls into.&#xA;- If patient is still on ICI when they reach 1-year from ICI start date, look for a final TSH test within bin 7 (week 48-56).&#xA;- If patient is on ICI for &lt; 8 weeks, look for 1 TSH test within bin 1."
                xsi:type="ED"/>
      </measureAttribute>
   </subjectOf>
   <subjectOf>
      <measureAttribute>
         <code code="TRANF" codeSystem="2.16.840.1.113883.5.4">
            <displayName value="Transmission Format"/>
         </code>
         <value mediaType="text/plain" value="TBD" xsi:type="ED"/>
      </measureAttribute>
   </subjectOf>
   <subjectOf>
      <measureAttribute>
         <code code="IPOP" codeSystem="2.16.840.1.113883.5.4">
            <displayName value="Initial Population"/>
         </code>
         <value mediaType="text/plain"
                value="All patients, aged 18 years and older, with a diagnosis of cancer"
                xsi:type="ED"/>
      </measureAttribute>
   </subjectOf>
   <subjectOf>
      <measureAttribute>
         <code code="DENOM" codeSystem="2.16.840.1.113883.5.4">
            <displayName value="Denominator"/>
         </code>
         <value mediaType="text/plain"
                value="Patients who started ICI therapy within 12 months prior to the start of the measurement period"
                xsi:type="ED"/>
      </measureAttribute>
   </subjectOf>
   <subjectOf>
      <measureAttribute>
         <code code="DENEX" codeSystem="2.16.840.1.113883.5.4">
            <displayName value="Denominator Exclusions"/>
         </code>
         <value mediaType="text/plain"
                value="Patients who have had a full thyroidectomy &#xA;Patients who previously received and/or are currently receiving radioactive iodine to the thyroid"
                xsi:type="ED"/>
      </measureAttribute>
   </subjectOf>
   <subjectOf>
      <measureAttribute>
         <code code="NUMER" codeSystem="2.16.840.1.113883.5.4">
            <displayName value="Numerator"/>
         </code>
         <value mediaType="text/plain"
                value="Patients for whom TSH testing is performed at least once every 8 weeks while receiving continuous ICI therapy and patient is under the care of the reporting clinician, for a maximum duration of 1 year from the start of continuous ICI therapy, and for whom FT4 testing is performed either at the same time or within one week of an abnormal TSH test result"
                xsi:type="ED"/>
      </measureAttribute>
   </subjectOf>
   <subjectOf>
      <measureAttribute>
         <code code="NUMEX" codeSystem="2.16.840.1.113883.5.4">
            <displayName value="Numerator Exclusions"/>
         </code>
         <value mediaType="text/plain" value="Not Applicable" xsi:type="ED"/>
      </measureAttribute>
   </subjectOf>
   <subjectOf>
      <measureAttribute>
         <code code="DENEXCEP" codeSystem="2.16.840.1.113883.5.4">
            <displayName value="Denominator Exceptions"/>
         </code>
         <value mediaType="text/plain" value="None" xsi:type="ED"/>
      </measureAttribute>
   </subjectOf>
   <subjectOf>
      <measureAttribute>
         <code code="SDE" codeSystem="2.16.840.1.113883.5.4">
            <displayName value="Supplemental Data Elements"/>
         </code>
         <value mediaType="text/plain"
                value="For every patient evaluated by this measure also identify payer, race, ethnicity and sex"
                xsi:type="ED"/>
      </measureAttribute>
   </subjectOf>
   <componentOf>
      <qualityMeasureSet classCode="ACT">
         <id root="22dbe57c-e6dc-4f2b-b14c-2af3ea65ce78"/>
         <title value="None"/>
      </qualityMeasureSet>
   </componentOf>
   <!--Data Criteria Section-->
   <component>
      <dataCriteriaSection>
         <templateId>
            <item extension="2019-05-01" root="2.16.840.1.113883.10.20.28.2.6"/>
         </templateId>
         <code code="57025-9" codeSystem="2.16.840.1.113883.6.1"/>
         <title value="Data Criteria Section"/>
         <text/>
         <entry typeCode="DRIV">
            <localVariableName value="Payer_PatientCharacteristicPayer_uDZ7D"/>
            <observationCriteria classCode="OBS" moodCode="EVN">
               <templateId>
                  <item extension="2017-05-01" root="2.16.840.1.113883.10.20.28.4.58"/>
               </templateId>
               <id extension="Payer_PatientCharacteristicPayer"
                   root="e596051a-2c57-4145-a47d-633078c7ec6e"/>
               <code code="48768-6" codeSystem="2.16.840.1.113883.6.1" codeSystemName="LOINC">
                  <displayName value="Payer"/>
               </code>
               <title value="Patient Characteristic Payer"/>
               <statusCode code="COMPLETED"/>
               <value valueSet="2.16.840.1.114222.4.11.3591" xsi:type="CD"/>
            </observationCriteria>
         </entry>
         <entry typeCode="DRIV">
            <localVariableName value="ONCAdministrativeSex_PatientCharacteristicSex_v07Tj"/>
            <observationCriteria classCode="OBS" moodCode="EVN">
               <templateId>
                  <item extension="2017-05-01" root="2.16.840.1.113883.10.20.28.4.55"/>
               </templateId>
               <id extension="ONCAdministrativeSex_PatientCharacteristicSex"
                   root="f40deb02-a8a5-491f-8287-7490cdcd9850"/>
               <code code="263495000" codeSystem="2.16.840.1.113883.6.96" codeSystemName="SNOMED CT">
                  <displayName value="Gender"/>
               </code>
               <title value="Patient Characteristic Sex"/>
               <statusCode code="COMPLETED"/>
               <value valueSet="2.16.840.1.113762.1.4.1" xsi:type="CD"/>
            </observationCriteria>
         </entry>
         <entry typeCode="DRIV">
            <localVariableName value="Ethnicity_PatientCharacteristicEthnicity_rhQOC"/>
            <observationCriteria classCode="OBS" moodCode="EVN">
               <templateId>
                  <item extension="2017-05-01" root="2.16.840.1.113883.10.20.28.4.56"/>
               </templateId>
               <id extension="Ethnicity_PatientCharacteristicEthnicity"
                   root="28b2a278-09ae-42ae-b0b9-db7e8c309b7f"/>
               <code code="54133-4" codeSystem="2.16.840.1.113883.6.1" codeSystemName="LOINC">
                  <displayName value="Ethnicity"/>
               </code>
               <title value="Patient Characteristic Ethnicity"/>
               <statusCode code="COMPLETED"/>
               <value valueSet="2.16.840.1.114222.4.11.837" xsi:type="CD"/>
            </observationCriteria>
         </entry>
         <entry typeCode="DRIV">
            <localVariableName value="ImmunotherapyforAdvancedCancer_MedicationAdministered_IlfgS"/>
            <substanceAdministrationCriteria classCode="SBADM" moodCode="EVN">
               <templateId>
                  <item extension="2019-05-01" root="2.16.840.1.113883.10.20.28.4.45"/>
               </templateId>
               <id extension="ImmunotherapyforAdvancedCancer_MedicationAdministered"
                   root="0bc93f40-7512-4bb7-9778-c428a8a28db9"/>
               <code code="416118004" codeSystem="2.16.840.1.113883.6.96"/>
               <title value="Medication, Administered"/>
               <statusCode code="COMPLETED"/>
			            <participation typeCode="CSM">
                  <role classCode="MANU">
                     <playingManufacturedMaterial classCode="MMAT" determinerCode="KIND">
                        <code valueSet="2.16.840.1.113883.3.7643.3.1049"/>
                     </playingManufacturedMaterial>
                  </role>
               </participation>
		          </substanceAdministrationCriteria>
         </entry>
         <entry typeCode="DRIV">
            <localVariableName value="Race_PatientCharacteristicRace_7eW3I"/>
            <observationCriteria classCode="OBS" moodCode="EVN">
               <templateId>
                  <item extension="2017-05-01" root="2.16.840.1.113883.10.20.28.4.59"/>
               </templateId>
               <id extension="Race_PatientCharacteristicRace"
                   root="27dc46a4-76d9-4974-bae2-3e306bbfee85"/>
               <code code="32624-9" codeSystem="2.16.840.1.113883.6.1" codeSystemName="LOINC">
                  <displayName value="Race"/>
               </code>
               <title value="Patient Characteristic Race"/>
               <statusCode code="COMPLETED"/>
               <value valueSet="2.16.840.1.114222.4.11.836" xsi:type="CD"/>
            </observationCriteria>
         </entry>
         <entry typeCode="DRIV">
            <localVariableName value="Cancer_Diagnosis_1YbHo"/>
            <observationCriteria classCode="OBS" moodCode="EVN">
               <templateId>
                  <item extension="2019-05-01" root="2.16.840.1.113883.10.20.28.4.110"/>
               </templateId>
               <id extension="Cancer_Diagnosis" root="be914b52-4d92-4134-853f-70051140b280"/>
               <code code="282291009" codeSystem="2.16.840.1.113883.6.96" codeSystemName="SNOMED CT">
                  <displayName value="Diagnosis"/>
               </code>
               <title value="Diagnosis"/>
               <statusCode code="COMPLETED"/>
               <value valueSet="2.16.840.1.113883.3.526.3.1010" xsi:type="CD"/>
            </observationCriteria>
         </entry>
         <entry typeCode="DRIV">
            <observationCriteria classCode="OBS" moodCode="EVN">
               <templateId>
                  <item extension="2019-05-01" root="2.16.840.1.113883.10.20.28.4.42"/>
               </templateId>
               <id extension="3024-7_LaboratoryTestPerformed"
                   root="DD98D0A5-32DB-42D3-BEB7-E62EA63AEE8E"/>
               <code code="3024-7" codeSystem="2.16.840.1.113883.6.1" codeSystemName="LOINC"/>
               <title value="Laboratory Test, Performed"/>
               <statusCode code="COMPLETED"/>
            </observationCriteria>
         </entry>
         <entry typeCode="DRIV">
            <observationCriteria classCode="OBS" moodCode="EVN">
               <templateId>
                  <item extension="2019-05-01" root="2.16.840.1.113883.10.20.28.4.42"/>
               </templateId>
               <id extension="3016-3_LaboratoryTestPerformed"
                   root="E6F65B22-1726-47AD-97CE-EE07B6C7C931"/>
               <code code="3016-3" codeSystem="2.16.840.1.113883.6.1" codeSystemName="LOINC"/>
               <title value="Laboratory Test, Performed"/>
               <statusCode code="COMPLETED"/>
            </observationCriteria>
         </entry>
      </dataCriteriaSection>
   </component>
   <component>
      <populationCriteriaSection>
         <templateId>
            <item extension="2017-08-01" root="2.16.840.1.113883.10.20.28.2.7"/>
         </templateId>
         <id extension="PopulationCriteria1" root="F44D9CC0-0509-4B40-90D7-BA169738AA6F"/>
         <code code="57026-7" codeSystem="2.16.840.1.113883.6.1"/>
         <title value="Population Criteria Section"/>
         <text/>
         <component typeCode="COMP">
            <initialPopulationCriteria classCode="OBS" moodCode="EVN">
               <id extension="initialPopulation" root="AF7CBA90-8EC4-44DC-B044-84A72A30403E"/>
               <code code="IPOP" codeSystem="2.16.840.1.113883.5.4" codeSystemName="Act Code"/>
               <precondition typeCode="PRCN">
                  <criteriaReference classCode="OBS" moodCode="EVN">
                     <id extension="TestingOnly.&quot;Initial Population&quot;"
                         root="CB2F333C-B181-4454-A75E-D492F2815ADB"/>
                  </criteriaReference>
               </precondition>
            </initialPopulationCriteria>
         </component>
         <component typeCode="COMP">
            <denominatorCriteria classCode="OBS" moodCode="EVN">
               <id extension="denominator" root="C79CF264-29F7-4945-B276-FA29DC27DA36"/>
               <code code="DENOM" codeSystem="2.16.840.1.113883.5.4" codeSystemName="Act Code"/>
               <precondition typeCode="PRCN">
                  <criteriaReference classCode="OBS" moodCode="EVN">
                     <id extension="TestingOnly.&quot;Denominator&quot;"
                         root="CB2F333C-B181-4454-A75E-D492F2815ADB"/>
                  </criteriaReference>
               </precondition>
            </denominatorCriteria>
         </component>
         <component typeCode="COMP">
            <numeratorCriteria classCode="OBS" moodCode="EVN">
               <id extension="numerator" root="D149419D-57AD-4F47-99D8-1B303A3F9EC2"/>
               <code code="NUMER" codeSystem="2.16.840.1.113883.5.4" codeSystemName="Act Code"/>
               <precondition typeCode="PRCN">
                  <criteriaReference classCode="OBS" moodCode="EVN">
                     <id extension="TestingOnly.&quot;Numerator&quot;" root="CB2F333C-B181-4454-A75E-D492F2815ADB"/>
                  </criteriaReference>
               </precondition>
            </numeratorCriteria>
         </component>
         <component typeCode="COMP">
            <cql-ext:supplementalDataElement>
               <id extension="Supplemental Data Elements"
                   root="916F95BA-9F5D-4F0B-A007-7CB1F5A7AF5B"/>
               <code code="SDE" codeSystem="2.16.840.1.113883.5.4" codeSystemName="Act Code"/>
               <precondition typeCode="PRCN">
                  <criteriaReference classCode="OBS" moodCode="EVN">
                     <id extension="TestingOnly.&quot;SDE Ethnicity&quot;"
                         root="CB2F333C-B181-4454-A75E-D492F2815ADB"/>
                  </criteriaReference>
               </precondition>
            </cql-ext:supplementalDataElement>
         </component>
         <component typeCode="COMP">
            <cql-ext:supplementalDataElement>
               <id extension="Supplemental Data Elements"
                   root="673A75A0-85C8-4C32-BAD0-597351DFB821"/>
               <code code="SDE" codeSystem="2.16.840.1.113883.5.4" codeSystemName="Act Code"/>
               <precondition typeCode="PRCN">
                  <criteriaReference classCode="OBS" moodCode="EVN">
                     <id extension="TestingOnly.&quot;SDE Payer&quot;" root="CB2F333C-B181-4454-A75E-D492F2815ADB"/>
                  </criteriaReference>
               </precondition>
            </cql-ext:supplementalDataElement>
         </component>
         <component typeCode="COMP">
            <cql-ext:supplementalDataElement>
               <id extension="Supplemental Data Elements"
                   root="D136EF56-962C-4ED1-817F-B3BC6389C686"/>
               <code code="SDE" codeSystem="2.16.840.1.113883.5.4" codeSystemName="Act Code"/>
               <precondition typeCode="PRCN">
                  <criteriaReference classCode="OBS" moodCode="EVN">
                     <id extension="TestingOnly.&quot;SDE Race&quot;" root="CB2F333C-B181-4454-A75E-D492F2815ADB"/>
                  </criteriaReference>
               </precondition>
            </cql-ext:supplementalDataElement>
         </component>
         <component typeCode="COMP">
            <cql-ext:supplementalDataElement>
               <id extension="Supplemental Data Elements"
                   root="F5CBEC83-28F7-4CC3-AF40-BB041EE2F7D1"/>
               <code code="SDE" codeSystem="2.16.840.1.113883.5.4" codeSystemName="Act Code"/>
               <precondition typeCode="PRCN">
                  <criteriaReference classCode="OBS" moodCode="EVN">
                     <id extension="TestingOnly.&quot;SDE Sex&quot;" root="CB2F333C-B181-4454-A75E-D492F2815ADB"/>
                  </criteriaReference>
               </precondition>
            </cql-ext:supplementalDataElement>
         </component>
      </populationCriteriaSection>
   </component>
</QualityMeasureDocument>