<?xml version="1.0" encoding="UTF-8"?>
<library xmlns="urn:hl7-org:elm:r1" xmlns:t="urn:hl7-org:elm-types:r1" xmlns:xsi="http://www.w3.org/2001/XMLSchema-instance" xmlns:xsd="http://www.w3.org/2001/XMLSchema" xmlns:fhir="http://hl7.org/fhir" xmlns:qdm43="urn:healthit-gov:qdm:v4_3" xmlns:qdm53="urn:healthit-gov:qdm:v5_3" xmlns:a="urn:hl7-org:cql-annotations:r1">
   <identifier id="TestingOnly" version="0.0.174"/>
   <schemaIdentifier id="urn:hl7-org:elm" version="r1"/>
   <usings>
      <def localIdentifier="System" uri="urn:hl7-org:elm-types:r1"/>
      <def localId="1" locator="3:1-3:23" localIdentifier="QDM" uri="urn:healthit-gov:qdm:v5_5" version="5.5"/>
   </usings>
   <parameters>
      <def localId="15" locator="17:1-17:49" name="Measurement Period" accessLevel="Public">
         <parameterTypeSpecifier localId="14" locator="17:32-17:49" xsi:type="IntervalTypeSpecifier">
            <pointType localId="13" locator="17:41-17:48" name="t:DateTime" xsi:type="NamedTypeSpecifier"/>
         </parameterTypeSpecifier>
      </def>
   </parameters>
   <codeSystems>
      <def localId="2" locator="5:1-5:51" name="LOINC" id="urn:oid:2.16.840.1.113883.6.1" accessLevel="Public"/>
   </codeSystems>
   <valueSets>
      <def localId="3" locator="7:1-7:59" name="Cancer" id="urn:oid:2.16.840.1.113883.3.526.3.1010" accessLevel="Public"/>
      <def localId="4" locator="8:1-8:58" name="Ethnicity" id="urn:oid:2.16.840.1.114222.4.11.837" accessLevel="Public"/>
      <def localId="5" locator="9:1-9:87" name="Immunotherapy for Advanced Cancer" id="urn:oid:2.16.840.1.113883.3.7643.3.1049" accessLevel="Public"/>
      <def localId="6" locator="10:1-10:68" name="ONC Administrative Sex" id="urn:oid:2.16.840.1.113762.1.4.1" accessLevel="Public"/>
      <def localId="7" locator="11:1-11:55" name="Payer" id="urn:oid:2.16.840.1.114222.4.11.3591" accessLevel="Public"/>
      <def localId="8" locator="12:1-12:53" name="Race" id="urn:oid:2.16.840.1.114222.4.11.836" accessLevel="Public"/>
   </valueSets>
   <codes>
      <def localId="10" locator="14:1-14:131" name="Thyrotropin [Units/volume] in Serum or Plasma" id="3016-3" display="Thyrotropin [Units/volume] in Serum or Plasma" accessLevel="Public">
         <codeSystem localId="9" locator="14:69-14:75" name="LOINC"/>
      </def>
      <def localId="12" locator="15:1-15:145" name="Thyroxine (T4) free [Mass/volume] in Serum or Plasma" id="3024-7" display="Thyroxine (T4) free [Mass/volume] in Serum or Plasma" accessLevel="Public">
         <codeSystem localId="11" locator="15:76-15:82" name="LOINC"/>
      </def>
   </codes>
   <statements>
      <def locator="19:1-19:15" name="Patient" context="Patient">
         <expression xsi:type="SingletonFrom">
            <operand locator="19:1-19:15" xmlns:ns0="urn:healthit-gov:qdm:v5_5" dataType="ns0:Patient" templateId="Patient" xsi:type="Retrieve"/>
         </expression>
      </def>
      <def localId="21" locator="44:1-45:67" name="ICI" context="Patient" accessLevel="Public">
         <annotation xsi:type="a:Annotation">
            <a:s r="21">
               <a:s>define &quot;ICI&quot;:
  </a:s>
               <a:s r="20">
                  <a:s>[&quot;Medication, Administered&quot;: </a:s>
                  <a:s>
                     <a:s>&quot;Immunotherapy for Advanced Cancer&quot;</a:s>
                  </a:s>
                  <a:s>]</a:s>
               </a:s>
            </a:s>
         </annotation>
         <expression localId="20" locator="45:3-45:67" xmlns:ns1="urn:healthit-gov:qdm:v5_5" dataType="ns1:PositiveMedicationAdministered" templateId="PositiveMedicationAdministered" codeProperty="code" xsi:type="Retrieve">
            <codes locator="45:32-45:66" name="Immunotherapy for Advanced Cancer" xsi:type="ValueSetRef"/>
         </expression>
      </def>
      <def localId="35" locator="51:1-54:32" name="ICI Therapy Administration" context="Patient" accessLevel="Public">
         <annotation xsi:type="a:Annotation">
            <a:s r="35">
               <a:s>define &quot;ICI Therapy Administration&quot;:
  </a:s>
               <a:s r="34">
                  <a:s>
                     <a:s r="23">
                        <a:s r="22">
                           <a:s>
                              <a:s>&quot;ICI&quot;</a:s>
                           </a:s>
                        </a:s>
                        <a:s> ICIMedication</a:s>
                     </a:s>
                  </a:s>
                  <a:s>
    </a:s>
                  <a:s r="33">
                     <a:s>where </a:s>
                     <a:s r="33">
                        <a:s r="25">
                           <a:s r="24">
                              <a:s>ICIMedication</a:s>
                           </a:s>
                           <a:s>.</a:s>
                           <a:s r="25">
                              <a:s>relevantPeriod</a:s>
                           </a:s>
                        </a:s>
                        <a:s r="33"> during </a:s>
                        <a:s r="32">
                           <a:s>Interval[</a:s>
                           <a:s r="29">
                              <a:s r="27">
                                 <a:s>start of </a:s>
                                 <a:s r="26">
                                    <a:s>&quot;Measurement Period&quot;</a:s>
                                 </a:s>
                              </a:s>
                              <a:s> - </a:s>
                              <a:s r="28">
                                 <a:s>1 year</a:s>
                              </a:s>
                           </a:s>
                           <a:s>, 
    </a:s>
                           <a:s r="31">
                              <a:s>end of </a:s>
                              <a:s r="30">
                                 <a:s>&quot;Measurement Period&quot;</a:s>
                              </a:s>
                           </a:s>
                           <a:s>]</a:s>
                        </a:s>
                     </a:s>
                  </a:s>
               </a:s>
            </a:s>
         </annotation>
         <expression localId="34" locator="52:3-54:32" xsi:type="Query">
            <source localId="23" locator="52:3-52:21" alias="ICIMedication">
               <expression localId="22" locator="52:3-52:7" name="ICI" xsi:type="ExpressionRef"/>
            </source>
            <where localId="33" locator="53:5-54:32" xsi:type="IncludedIn">
               <operand localId="25" locator="53:11-53:38" path="relevantPeriod" scope="ICIMedication" xsi:type="Property"/>
               <operand localId="32" locator="53:47-54:32" lowClosed="true" highClosed="true" xsi:type="Interval">
                  <low localId="29" locator="53:56-53:93" xsi:type="Subtract">
                     <operand localId="27" locator="53:56-53:84" xsi:type="Start">
                        <operand localId="26" locator="53:65-53:84" name="Measurement Period" xsi:type="ParameterRef"/>
                     </operand>
                     <operand localId="28" locator="53:88-53:93" value="1" unit="year" xsi:type="Quantity"/>
                  </low>
                  <high localId="31" locator="54:5-54:31" xsi:type="End">
                     <operand localId="30" locator="54:12-54:31" name="Measurement Period" xsi:type="ParameterRef"/>
                  </high>
               </operand>
            </where>
         </expression>
      </def>
      <def localId="44" locator="93:1-96:3" name="Start of ICI" context="Patient" accessLevel="Public">
         <annotation xsi:type="a:Annotation">
            <a:s r="44">
               <a:s>define &quot;Start of ICI&quot;:
  </a:s>
               <a:s r="43">
                  <a:s>Min(</a:s>
                  <a:s r="42">
                     <a:s>
                        <a:s r="37">
                           <a:s r="36">
                              <a:s>
                                 <a:s>&quot;ICI Therapy Administration&quot;</a:s>
                              </a:s>
                           </a:s>
                           <a:s> ICIAdministration</a:s>
                        </a:s>
                     </a:s>
                     <a:s>
      </a:s>
                     <a:s r="41">
                        <a:s>return </a:s>
                        <a:s r="40">
                           <a:s>start of </a:s>
                           <a:s r="39">
                              <a:s r="38">
                                 <a:s>ICIAdministration</a:s>
                              </a:s>
                              <a:s>.</a:s>
                              <a:s r="39">
                                 <a:s>relevantPeriod</a:s>
                              </a:s>
                           </a:s>
                        </a:s>
                     </a:s>
                  </a:s>
                  <a:s>
  )</a:s>
               </a:s>
            </a:s>
         </annotation>
         <expression localId="43" locator="94:3-96:3" xsi:type="Min">
            <source localId="42" locator="94:7-95:54" xsi:type="Query">
               <source localId="37" locator="94:7-94:52" alias="ICIAdministration">
                  <expression localId="36" locator="94:7-94:34" name="ICI Therapy Administration" xsi:type="ExpressionRef"/>
               </source>
               <return localId="41" locator="95:7-95:54">
                  <expression localId="40" locator="95:14-95:54" xsi:type="Start">
                     <operand localId="39" locator="95:23-95:54" path="relevantPeriod" scope="ICIAdministration" xsi:type="Property"/>
                  </expression>
               </return>
            </source>
         </expression>
      </def>
      <def localId="62" locator="21:1-26:7" name="Abnormal TSH" context="Patient" accessLevel="Public">
         <annotation xsi:type="a:Annotation">
            <a:s r="62">
               <a:s>define &quot;Abnormal TSH&quot;:
  </a:s>
               <a:s r="61">
                  <a:s>
                     <a:s r="17">
                        <a:s r="16">
                           <a:s r="16">
                              <a:s>[&quot;Laboratory Test, Performed&quot;: </a:s>
                              <a:s>
                                 <a:s>&quot;Thyrotropin [Units/volume] in Serum or Plasma&quot;</a:s>
                              </a:s>
                              <a:s>]</a:s>
                           </a:s>
                        </a:s>
                        <a:s> TSH</a:s>
                     </a:s>
                  </a:s>
                  <a:s>
    </a:s>
                  <a:s r="60">
                     <a:s>where </a:s>
                     <a:s r="60">
                        <a:s r="50">
                           <a:s r="19">
                              <a:s r="18">
                                 <a:s>TSH</a:s>
                              </a:s>
                              <a:s>.</a:s>
                              <a:s r="19">
                                 <a:s>relevantDatetime</a:s>
                              </a:s>
                           </a:s>
                           <a:s r="50"> during </a:s>
                           <a:s r="49">
                              <a:s>Interval[</a:s>
                              <a:s r="45">
                                 <a:s>&quot;Start of ICI&quot;</a:s>
                              </a:s>
                              <a:s>, </a:s>
                              <a:s r="48">
                                 <a:s r="46">
                                    <a:s>&quot;Start of ICI&quot;</a:s>
                                 </a:s>
                                 <a:s> + </a:s>
                                 <a:s r="47">
                                    <a:s>56 weeks</a:s>
                                 </a:s>
                              </a:s>
                              <a:s> )</a:s>
                           </a:s>
                        </a:s>
                        <a:s>
      and </a:s>
                        <a:s r="59">
                           <a:s>( </a:s>
                           <a:s r="59">
                              <a:s r="54">
                                 <a:s r="52">
                                    <a:s r="51">
                                       <a:s>TSH</a:s>
                                    </a:s>
                                    <a:s>.</a:s>
                                    <a:s r="52">
                                       <a:s>result</a:s>
                                    </a:s>
                                 </a:s>
                                 <a:s> &lt; </a:s>
                                 <a:s r="53">
                                    <a:s>0.40 'm[IU]/L'</a:s>
                                 </a:s>
                              </a:s>
                              <a:s>
          or </a:s>
                              <a:s r="58">
                                 <a:s r="56">
                                    <a:s r="55">
                                       <a:s>TSH</a:s>
                                    </a:s>
                                    <a:s>.</a:s>
                                    <a:s r="56">
                                       <a:s>result</a:s>
                                    </a:s>
                                 </a:s>
                                 <a:s> > </a:s>
                                 <a:s r="57">
                                    <a:s>5.50 'm[IU]/L'</a:s>
                                 </a:s>
                              </a:s>
                           </a:s>
                           <a:s>
      )</a:s>
                        </a:s>
                     </a:s>
                  </a:s>
               </a:s>
            </a:s>
         </annotation>
         <expression localId="61" locator="22:3-26:7" xsi:type="Query">
            <source localId="17" locator="22:3-22:85" alias="TSH">
               <expression localId="16" locator="22:3-22:81" xmlns:ns2="urn:healthit-gov:qdm:v5_5" dataType="ns2:PositiveLaboratoryTestPerformed" templateId="PositiveLaboratoryTestPerformed" codeProperty="code" xsi:type="Retrieve">
                  <codes xsi:type="ToList">
                     <operand locator="22:34-22:80" name="Thyrotropin [Units/volume] in Serum or Plasma" xsi:type="CodeRef"/>
                  </codes>
               </expression>
            </source>
            <where localId="60" locator="23:5-26:7" xsi:type="And">
               <operand localId="50" locator="23:11-23:90" xsi:type="In">
                  <operand localId="19" locator="23:11-23:30" path="relevantDatetime" scope="TSH" xsi:type="Property"/>
                  <operand localId="49" locator="23:39-23:90" lowClosed="true" highClosed="false" xsi:type="Interval">
                     <low localId="45" locator="23:48-23:61" name="Start of ICI" xsi:type="ExpressionRef"/>
                     <high localId="48" locator="23:64-23:88" xsi:type="Add">
                        <operand localId="46" locator="23:64-23:77" name="Start of ICI" xsi:type="ExpressionRef"/>
                        <operand localId="47" locator="23:81-23:88" value="56" unit="weeks" xsi:type="Quantity"/>
                     </high>
                  </operand>
               </operand>
               <operand localId="59" locator="24:11-26:7" xsi:type="Or">
                  <operand localId="54" locator="24:13-24:39" xsi:type="Less">
                     <operand asType="t:Quantity" xsi:type="As">
                        <operand localId="52" locator="24:13-24:22" path="result" scope="TSH" xsi:type="Property"/>
                     </operand>
                     <operand localId="53" locator="24:26-24:39" value="0.40" unit="m[IU]/L" xsi:type="Quantity"/>
                  </operand>
                  <operand localId="58" locator="25:14-25:40" xsi:type="Greater">
                     <operand asType="t:Quantity" xsi:type="As">
                        <operand localId="56" locator="25:14-25:23" path="result" scope="TSH" xsi:type="Property"/>
                     </operand>
                     <operand localId="57" locator="25:27-25:40" value="5.50" unit="m[IU]/L" xsi:type="Quantity"/>
                  </operand>
               </operand>
            </where>
         </expression>
      </def>
      <def localId="70" locator="28:1-30:63" name="Cancer Diagnosis" context="Patient" accessLevel="Public">
         <annotation xsi:type="a:Annotation">
            <a:s r="70">
               <a:s>define &quot;Cancer Diagnosis&quot;:
  </a:s>
               <a:s r="69">
                  <a:s>
                     <a:s r="64">
                        <a:s r="63">
                           <a:s r="63">
                              <a:s>[&quot;Diagnosis&quot;: </a:s>
                              <a:s>
                                 <a:s>&quot;Cancer&quot;</a:s>
                              </a:s>
                              <a:s>]</a:s>
                           </a:s>
                        </a:s>
                        <a:s> Cancer</a:s>
                     </a:s>
                  </a:s>
                  <a:s>
    </a:s>
                  <a:s r="68">
                     <a:s>where </a:s>
                     <a:s r="68">
                        <a:s r="66">
                           <a:s r="65">
                              <a:s>Cancer</a:s>
                           </a:s>
                           <a:s>.</a:s>
                           <a:s r="66">
                              <a:s>prevalencePeriod</a:s>
                           </a:s>
                        </a:s>
                        <a:s r="68"> overlaps </a:s>
                        <a:s r="67">
                           <a:s>&quot;Measurement Period&quot;</a:s>
                        </a:s>
                     </a:s>
                  </a:s>
               </a:s>
            </a:s>
         </annotation>
         <expression localId="69" locator="29:3-30:63" xsi:type="Query">
            <source localId="64" locator="29:3-29:32" alias="Cancer">
               <expression localId="63" locator="29:3-29:25" xmlns:ns3="urn:healthit-gov:qdm:v5_5" dataType="ns3:Diagnosis" codeProperty="code" xsi:type="Retrieve">
                  <codes locator="29:17-29:24" name="Cancer" xsi:type="ValueSetRef"/>
               </expression>
            </source>
            <where localId="68" locator="30:5-30:63" xsi:type="Overlaps">
               <operand localId="66" locator="30:11-30:33" path="prevalencePeriod" scope="Cancer" xsi:type="Property"/>
               <operand localId="67" locator="30:44-30:63" name="Measurement Period" xsi:type="ParameterRef"/>
            </where>
         </expression>
      </def>
      <def localId="80" locator="47:1-49:97" name="ICI Starts Prior to Start of Measurement Period" context="Patient" accessLevel="Public">
         <annotation xsi:type="a:Annotation">
            <a:s r="80">
               <a:s>define &quot;ICI Starts Prior to Start of Measurement Period&quot;:
  </a:s>
               <a:s r="79">
                  <a:s>
                     <a:s r="72">
                        <a:s r="71">
                           <a:s>
                              <a:s>&quot;ICI&quot;</a:s>
                           </a:s>
                        </a:s>
                        <a:s> ICIMedication</a:s>
                     </a:s>
                  </a:s>
                  <a:s>
    </a:s>
                  <a:s r="78">
                     <a:s>where </a:s>
                     <a:s r="78">
                        <a:s r="74">
                           <a:s r="73">
                              <a:s>ICIMedication</a:s>
                           </a:s>
                           <a:s>.</a:s>
                           <a:s r="74">
                              <a:s>relevantPeriod</a:s>
                           </a:s>
                        </a:s>
                        <a:s> </a:s>
                        <a:s r="78">
                           <a:s>starts </a:s>
                           <a:s r="77">
                              <a:s>1 year</a:s>
                           </a:s>
                           <a:s> or less before</a:s>
                        </a:s>
                        <a:s> </a:s>
                        <a:s r="76">
                           <a:s>start of </a:s>
                           <a:s r="75">
                              <a:s>&quot;Measurement Period&quot;</a:s>
                           </a:s>
                        </a:s>
                     </a:s>
                  </a:s>
               </a:s>
            </a:s>
         </annotation>
         <expression localId="79" locator="48:3-49:97" xsi:type="Query">
            <source localId="72" locator="48:3-48:21" alias="ICIMedication">
               <expression localId="71" locator="48:3-48:7" name="ICI" xsi:type="ExpressionRef"/>
            </source>
            <where localId="78" locator="49:5-49:97" xsi:type="And">
               <operand locator="49:47-49:60" xsi:type="In">
                  <operand locator="49:40-49:45" xsi:type="Start">
                     <operand localId="74" locator="49:11-49:38" path="relevantPeriod" scope="ICIMedication" xsi:type="Property"/>
                  </operand>
                  <operand locator="49:47-49:60" lowClosed="true" highClosed="false" xsi:type="Interval">
                     <low locator="49:69-49:97" xsi:type="Subtract">
                        <operand localId="76" locator="49:69-49:97" xsi:type="Start">
                           <operand localId="75" locator="49:78-49:97" name="Measurement Period" xsi:type="ParameterRef"/>
                        </operand>
                        <operand localId="77" locator="49:47-49:52" value="1" unit="year" xsi:type="Quantity"/>
                     </low>
                     <high localId="76" locator="49:69-49:97" xsi:type="Start">
                        <operand localId="75" locator="49:78-49:97" name="Measurement Period" xsi:type="ParameterRef"/>
                     </high>
                  </operand>
               </operand>
               <operand locator="49:47-49:60" xsi:type="Not">
                  <operand locator="49:47-49:60" xsi:type="IsNull">
                     <operand localId="76" locator="49:69-49:97" xsi:type="Start">
                        <operand localId="75" locator="49:78-49:97" name="Measurement Period" xsi:type="ParameterRef"/>
                     </operand>
                  </operand>
               </operand>
            </where>
         </expression>
      </def>
      <def localId="83" locator="32:1-33:58" name="Denominator" context="Patient" accessLevel="Public">
         <annotation xsi:type="a:Annotation">
            <a:s r="83">
               <a:s>define &quot;Denominator&quot;:
  </a:s>
               <a:s r="82">
                  <a:s>exists </a:s>
                  <a:s r="81">
                     <a:s>&quot;ICI Starts Prior to Start of Measurement Period&quot;</a:s>
                  </a:s>
               </a:s>
            </a:s>
         </annotation>
         <expression localId="82" locator="33:3-33:58" xsi:type="Exists">
            <operand localId="81" locator="33:10-33:58" name="ICI Starts Prior to Start of Measurement Period" xsi:type="ExpressionRef"/>
         </expression>
      </def>
      <def localId="114" locator="107:1-113:60" name="ICI Administered Within or At 8 Weeks" context="Patient" accessLevel="Public">
         <annotation xsi:type="a:Annotation">
            <a:s r="114">
               <a:s>define &quot;ICI Administered Within or At 8 Weeks&quot;:
  </a:s>
               <a:s r="113">
                  <a:s>
                     <a:s r="85">
                        <a:s r="84">
                           <a:s>
                              <a:s>&quot;ICI Therapy Administration&quot;</a:s>
                           </a:s>
                        </a:s>
                        <a:s> ICI</a:s>
                     </a:s>
                  </a:s>
                  <a:s>
    </a:s>
                  <a:s>
                     <a:s>let </a:s>
                     <a:s r="112">
                        <a:s>PriorICI: </a:s>
                        <a:s r="111">
                           <a:s>
                              <a:s r="87">
                                 <a:s r="86">
                                    <a:s>
                                       <a:s>&quot;ICI Therapy Administration&quot;</a:s>
                                    </a:s>
                                 </a:s>
                                 <a:s> PriorICI</a:s>
                              </a:s>
                           </a:s>
                           <a:s>
      </a:s>
                           <a:s r="104">
                              <a:s>where </a:s>
                              <a:s r="104">
                                 <a:s r="99">
                                    <a:s r="91">
                                       <a:s r="89">
                                          <a:s r="88">
                                             <a:s>PriorICI</a:s>
                                          </a:s>
                                          <a:s>.</a:s>
                                          <a:s r="89">
                                             <a:s>relevantPeriod</a:s>
                                          </a:s>
                                       </a:s>
                                       <a:s r="91"> starts after day of </a:s>
                                       <a:s r="90">
                                          <a:s>&quot;Start of ICI&quot;</a:s>
                                       </a:s>
                                    </a:s>
                                    <a:s>
        and </a:s>
                                    <a:s r="98">
                                       <a:s r="93">
                                          <a:s r="92">
                                             <a:s>PriorICI</a:s>
                                          </a:s>
                                          <a:s>.</a:s>
                                          <a:s r="93">
                                             <a:s>relevantPeriod</a:s>
                                          </a:s>
                                       </a:s>
                                       <a:s> </a:s>
                                       <a:s r="98">
                                          <a:s>starts </a:s>
                                          <a:s r="97">
                                             <a:s>55 days</a:s>
                                          </a:s>
                                          <a:s> or less before</a:s>
                                       </a:s>
                                       <a:s> </a:s>
                                       <a:s r="96">
                                          <a:s>start of </a:s>
                                          <a:s r="95">
                                             <a:s r="94">
                                                <a:s>ICI</a:s>
                                             </a:s>
                                             <a:s>.</a:s>
                                             <a:s r="95">
                                                <a:s>relevantPeriod</a:s>
                                             </a:s>
                                          </a:s>
                                       </a:s>
                                    </a:s>
                                 </a:s>
                                 <a:s>
        and </a:s>
                                 <a:s r="103">
                                    <a:s r="101">
                                       <a:s r="100">
                                          <a:s>ICI</a:s>
                                       </a:s>
                                       <a:s>.</a:s>
                                       <a:s r="101">
                                          <a:s>relevantPeriod</a:s>
                                       </a:s>
                                    </a:s>
                                    <a:s r="103"> starts same as </a:s>
                                    <a:s r="102">
                                       <a:s>&quot;Start of ICI&quot;</a:s>
                                    </a:s>
                                 </a:s>
                              </a:s>
                           </a:s>
                           <a:s>
      </a:s>
                           <a:s r="110">
                              <a:s>return </a:s>
                              <a:s r="109">
                                 <a:s>{ </a:s>
                                 <a:s r="106">
                                    <a:s r="105">
                                       <a:s>PriorICI</a:s>
                                    </a:s>
                                    <a:s>.</a:s>
                                    <a:s r="106">
                                       <a:s>relevantPeriod</a:s>
                                    </a:s>
                                 </a:s>
                                 <a:s>, </a:s>
                                 <a:s r="108">
                                    <a:s r="107">
                                       <a:s>ICI</a:s>
                                    </a:s>
                                    <a:s>.</a:s>
                                    <a:s r="108">
                                       <a:s>relevantPeriod</a:s>
                                    </a:s>
                                 </a:s>
                                 <a:s> }</a:s>
                              </a:s>
                           </a:s>
                        </a:s>
                     </a:s>
                  </a:s>
               </a:s>
            </a:s>
         </annotation>
         <expression localId="113" locator="108:3-113:60" xsi:type="Query">
            <source localId="85" locator="108:3-108:34" alias="ICI">
               <expression localId="84" locator="108:3-108:30" name="ICI Therapy Administration" xsi:type="ExpressionRef"/>
            </source>
            <let localId="112" locator="109:9-113:60" identifier="PriorICI">
               <expression localId="111" locator="109:19-113:60" xsi:type="Query">
                  <source localId="87" locator="109:19-109:55" alias="PriorICI">
                     <expression localId="86" locator="109:19-109:46" name="ICI Therapy Administration" xsi:type="ExpressionRef"/>
                  </source>
                  <where localId="104" locator="110:7-112:60" xsi:type="And">
                     <operand localId="99" locator="110:13-111:93" xsi:type="And">
                        <operand localId="91" locator="110:13-110:70" precision="Day" xsi:type="After">
                           <operand locator="110:37-110:42" xsi:type="Start">
                              <operand localId="89" locator="110:13-110:35" path="relevantPeriod" scope="PriorICI" xsi:type="Property"/>
                           </operand>
                           <operand localId="90" locator="110:57-110:70" name="Start of ICI" xsi:type="ExpressionRef"/>
                        </operand>
                        <operand localId="98" locator="111:13-111:93" xsi:type="And">
                           <operand locator="111:44-111:58" xsi:type="In">
                              <operand locator="111:37-111:42" xsi:type="Start">
                                 <operand localId="93" locator="111:13-111:35" path="relevantPeriod" scope="PriorICI" xsi:type="Property"/>
                              </operand>
                              <operand locator="111:44-111:58" lowClosed="true" highClosed="false" xsi:type="Interval">
                                 <low locator="111:67-111:93" xsi:type="Subtract">
                                    <operand localId="96" locator="111:67-111:93" xsi:type="Start">
                                       <operand localId="95" locator="111:76-111:93" path="relevantPeriod" scope="ICI" xsi:type="Property"/>
                                    </operand>
                                    <operand localId="97" locator="111:44-111:50" value="55" unit="days" xsi:type="Quantity"/>
                                 </low>
                                 <high localId="96" locator="111:67-111:93" xsi:type="Start">
                                    <operand localId="95" locator="111:76-111:93" path="relevantPeriod" scope="ICI" xsi:type="Property"/>
                                 </high>
                              </operand>
                           </operand>
                           <operand locator="111:44-111:58" xsi:type="Not">
                              <operand locator="111:44-111:58" xsi:type="IsNull">
                                 <operand localId="96" locator="111:67-111:93" xsi:type="Start">
                                    <operand localId="95" locator="111:76-111:93" path="relevantPeriod" scope="ICI" xsi:type="Property"/>
                                 </operand>
                              </operand>
                           </operand>
                        </operand>
                     </operand>
                     <operand localId="103" locator="112:13-112:60" xsi:type="SameAs">
                        <operand locator="112:32-112:37" xsi:type="Start">
                           <operand localId="101" locator="112:13-112:30" path="relevantPeriod" scope="ICI" xsi:type="Property"/>
                        </operand>
                        <operand localId="102" locator="112:47-112:60" name="Start of ICI" xsi:type="ExpressionRef"/>
                     </operand>
                  </where>
                  <return localId="110" locator="113:7-113:60">
                     <expression localId="109" locator="113:14-113:60" xsi:type="List">
                        <element localId="106" locator="113:16-113:38" path="relevantPeriod" scope="PriorICI" xsi:type="Property"/>
                        <element localId="108" locator="113:41-113:58" path="relevantPeriod" scope="ICI" xsi:type="Property"/>
                     </expression>
                  </return>
               </expression>
            </let>
         </expression>
      </def>
      <def localId="123" locator="35:1-39:3" name="End of ICI" context="Patient" accessLevel="Public">
         <annotation xsi:type="a:Annotation">
            <a:s r="123">
               <a:s>define &quot;End of ICI&quot;:
  </a:s>
               <a:s r="122">
                  <a:s>Max(</a:s>
                  <a:s r="121">
                     <a:s>
                        <a:s r="116">
                           <a:s r="115">
                              <a:s>
                                 <a:s>&quot;ICI Administered Within or At 8 Weeks&quot;</a:s>
                              </a:s>
                           </a:s>
                           <a:s> ICITreatment</a:s>
                        </a:s>
                     </a:s>
                     <a:s>
      </a:s>
                     <a:s r="120">
                        <a:s>return 
      </a:s>
                        <a:s r="119">
                           <a:s>end of </a:s>
                           <a:s r="118">
                              <a:s r="117">
                                 <a:s>ICITreatment</a:s>
                              </a:s>
                              <a:s>.</a:s>
                              <a:s r="118">
                                 <a:s>relevantPeriod</a:s>
                              </a:s>
                           </a:s>
                        </a:s>
                     </a:s>
                  </a:s>
                  <a:s>
  )</a:s>
               </a:s>
            </a:s>
         </annotation>
         <expression localId="122" locator="36:3-39:3" xsi:type="Max">
            <source localId="121" locator="36:7-38:40" xsi:type="Query">
               <source localId="116" locator="36:7-36:58" alias="ICITreatment">
                  <expression localId="115" locator="36:7-36:45" name="ICI Administered Within or At 8 Weeks" xsi:type="ExpressionRef"/>
               </source>
               <return localId="120" locator="37:7-38:40">
                  <expression localId="119" locator="38:7-38:40" xsi:type="End">
                     <operand localId="118" locator="38:14-38:40" path="relevantPeriod" scope="ICITreatment" xsi:type="Property"/>
                  </expression>
               </return>
            </source>
         </expression>
      </def>
      <def localId="125" locator="41:1-42:88" name="Free T4 Test" context="Patient" accessLevel="Public">
         <annotation xsi:type="a:Annotation">
            <a:s r="125">
               <a:s>define &quot;Free T4 Test&quot;:
  </a:s>
               <a:s r="124">
                  <a:s>[&quot;Laboratory Test, Performed&quot;: </a:s>
                  <a:s>
                     <a:s>&quot;Thyroxine (T4) free [Mass/volume] in Serum or Plasma&quot;</a:s>
                  </a:s>
                  <a:s>]</a:s>
               </a:s>
            </a:s>
         </annotation>
         <expression localId="124" locator="42:3-42:88" xmlns:ns4="urn:healthit-gov:qdm:v5_5" dataType="ns4:PositiveLaboratoryTestPerformed" templateId="PositiveLaboratoryTestPerformed" codeProperty="code" xsi:type="Retrieve">
            <codes xsi:type="ToList">
               <operand locator="42:34-42:87" name="Thyroxine (T4) free [Mass/volume] in Serum or Plasma" xsi:type="CodeRef"/>
            </codes>
         </expression>
      </def>
      <def localId="128" locator="56:1-57:27" name="Initial Population" context="Patient" accessLevel="Public">
         <annotation xsi:type="a:Annotation">
            <a:s r="128">
               <a:s>define &quot;Initial Population&quot;:
  </a:s>
               <a:s r="127">
                  <a:s>exists </a:s>
                  <a:s r="126">
                     <a:s>&quot;Cancer Diagnosis&quot;</a:s>
                  </a:s>
               </a:s>
            </a:s>
         </annotation>
         <expression localId="127" locator="57:3-57:27" xsi:type="Exists">
            <operand localId="126" locator="57:10-57:27" name="Cancer Diagnosis" xsi:type="ExpressionRef"/>
         </expression>
      </def>
      <def localId="150" locator="59:1-63:38" name="Normal TSH" context="Patient" accessLevel="Public">
         <annotation xsi:type="a:Annotation">
            <a:s r="150">
               <a:s>define &quot;Normal TSH&quot;:
  </a:s>
               <a:s r="149">
                  <a:s>
                     <a:s r="130">
                        <a:s r="129">
                           <a:s r="129">
                              <a:s>[&quot;Laboratory Test, Performed&quot;: </a:s>
                              <a:s>
                                 <a:s>&quot;Thyrotropin [Units/volume] in Serum or Plasma&quot;</a:s>
                              </a:s>
                              <a:s>]</a:s>
                           </a:s>
                        </a:s>
                        <a:s> TSH</a:s>
                     </a:s>
                  </a:s>
                  <a:s>
    </a:s>
                  <a:s r="148">
                     <a:s>where </a:s>
                     <a:s r="148">
                        <a:s r="143">
                           <a:s r="138">
                              <a:s r="132">
                                 <a:s r="131">
                                    <a:s>TSH</a:s>
                                 </a:s>
                                 <a:s>.</a:s>
                                 <a:s r="132">
                                    <a:s>relevantDatetime</a:s>
                                 </a:s>
                              </a:s>
                              <a:s r="138"> during </a:s>
                              <a:s r="137">
                                 <a:s>Interval[</a:s>
                                 <a:s r="133">
                                    <a:s>&quot;Start of ICI&quot;</a:s>
                                 </a:s>
                                 <a:s>, </a:s>
                                 <a:s r="136">
                                    <a:s r="134">
                                       <a:s>&quot;Start of ICI&quot;</a:s>
                                    </a:s>
                                    <a:s> + </a:s>
                                    <a:s r="135">
                                       <a:s>56 weeks</a:s>
                                    </a:s>
                                 </a:s>
                                 <a:s> )</a:s>
                              </a:s>
                           </a:s>
                           <a:s>
      and </a:s>
                           <a:s r="142">
                              <a:s r="140">
                                 <a:s r="139">
                                    <a:s>TSH</a:s>
                                 </a:s>
                                 <a:s>.</a:s>
                                 <a:s r="140">
                                    <a:s>result</a:s>
                                 </a:s>
                              </a:s>
                              <a:s> >= </a:s>
                              <a:s r="141">
                                 <a:s>0.40 'm[IU]/L'</a:s>
                              </a:s>
                           </a:s>
                        </a:s>
                        <a:s>
      and </a:s>
                        <a:s r="147">
                           <a:s r="145">
                              <a:s r="144">
                                 <a:s>TSH</a:s>
                              </a:s>
                              <a:s>.</a:s>
                              <a:s r="145">
                                 <a:s>result</a:s>
                              </a:s>
                           </a:s>
                           <a:s> &lt;= </a:s>
                           <a:s r="146">
                              <a:s>5.50 'm[IU]/L'</a:s>
                           </a:s>
                        </a:s>
                     </a:s>
                  </a:s>
               </a:s>
            </a:s>
         </annotation>
         <expression localId="149" locator="60:3-63:38" xsi:type="Query">
            <source localId="130" locator="60:3-60:85" alias="TSH">
               <expression localId="129" locator="60:3-60:81" xmlns:ns5="urn:healthit-gov:qdm:v5_5" dataType="ns5:PositiveLaboratoryTestPerformed" templateId="PositiveLaboratoryTestPerformed" codeProperty="code" xsi:type="Retrieve">
                  <codes xsi:type="ToList">
                     <operand locator="60:34-60:80" name="Thyrotropin [Units/volume] in Serum or Plasma" xsi:type="CodeRef"/>
                  </codes>
               </expression>
            </source>
            <where localId="148" locator="61:5-63:38" xsi:type="And">
               <operand localId="143" locator="61:11-62:38" xsi:type="And">
                  <operand localId="138" locator="61:11-61:90" xsi:type="In">
                     <operand localId="132" locator="61:11-61:30" path="relevantDatetime" scope="TSH" xsi:type="Property"/>
                     <operand localId="137" locator="61:39-61:90" lowClosed="true" highClosed="false" xsi:type="Interval">
                        <low localId="133" locator="61:48-61:61" name="Start of ICI" xsi:type="ExpressionRef"/>
                        <high localId="136" locator="61:64-61:88" xsi:type="Add">
                           <operand localId="134" locator="61:64-61:77" name="Start of ICI" xsi:type="ExpressionRef"/>
                           <operand localId="135" locator="61:81-61:88" value="56" unit="weeks" xsi:type="Quantity"/>
                        </high>
                     </operand>
                  </operand>
                  <operand localId="142" locator="62:11-62:38" xsi:type="GreaterOrEqual">
                     <operand asType="t:Quantity" xsi:type="As">
                        <operand localId="140" locator="62:11-62:20" path="result" scope="TSH" xsi:type="Property"/>
                     </operand>
                     <operand localId="141" locator="62:25-62:38" value="0.40" unit="m[IU]/L" xsi:type="Quantity"/>
                  </operand>
               </operand>
               <operand localId="147" locator="63:11-63:38" xsi:type="LessOrEqual">
                  <operand asType="t:Quantity" xsi:type="As">
                     <operand localId="145" locator="63:11-63:20" path="result" scope="TSH" xsi:type="Property"/>
                  </operand>
                  <operand localId="146" locator="63:25-63:38" value="5.50" unit="m[IU]/L" xsi:type="Quantity"/>
               </operand>
            </where>
         </expression>
      </def>
      <def localId="171" locator="65:1-72:5" name="Normal TSH or Abnormal TSH" context="Patient" accessLevel="Public">
         <annotation xsi:type="a:Annotation">
            <a:s r="171">
               <a:s>define &quot;Normal TSH or Abnormal TSH&quot;:
  </a:s>
               <a:s r="170">
                  <a:s r="151">
                     <a:s>&quot;Normal TSH&quot;</a:s>
                  </a:s>
                  <a:s>
    union </a:s>
                  <a:s r="169">
                     <a:s>( </a:s>
                     <a:s r="169">
                        <a:s>
                           <a:s r="153">
                              <a:s r="152">
                                 <a:s>
                                    <a:s>&quot;Abnormal TSH&quot;</a:s>
                                 </a:s>
                              </a:s>
                              <a:s> TSHAbnormal</a:s>
                           </a:s>
                        </a:s>
                        <a:s>
        </a:s>
                        <a:s r="168">
                           <a:s>with </a:s>
                           <a:s r="155">
                              <a:s r="154">
                                 <a:s>
                                    <a:s>&quot;Free T4 Test&quot;</a:s>
                                 </a:s>
                              </a:s>
                              <a:s> FreeT4</a:s>
                           </a:s>
                           <a:s>
          such that </a:s>
                           <a:s r="167">
                              <a:s>( </a:s>
                              <a:s r="167">
                                 <a:s r="160">
                                    <a:s r="157">
                                       <a:s r="156">
                                          <a:s>FreeT4</a:s>
                                       </a:s>
                                       <a:s>.</a:s>
                                       <a:s r="157">
                                          <a:s>relevantDatetime</a:s>
                                       </a:s>
                                    </a:s>
                                    <a:s r="160"> same as </a:s>
                                    <a:s r="159">
                                       <a:s r="158">
                                          <a:s>TSHAbnormal</a:s>
                                       </a:s>
                                       <a:s>.</a:s>
                                       <a:s r="159">
                                          <a:s>relevantDatetime</a:s>
                                       </a:s>
                                    </a:s>
                                 </a:s>
                                 <a:s>
              or </a:s>
                                 <a:s r="166">
                                    <a:s r="162">
                                       <a:s r="161">
                                          <a:s>FreeT4</a:s>
                                       </a:s>
                                       <a:s>.</a:s>
                                       <a:s r="162">
                                          <a:s>relevantDatetime</a:s>
                                       </a:s>
                                    </a:s>
                                    <a:s> </a:s>
                                    <a:s r="166">
                                       <a:s r="165">
                                          <a:s>1 week</a:s>
                                       </a:s>
                                       <a:s> or less after</a:s>
                                    </a:s>
                                    <a:s> </a:s>
                                    <a:s r="164">
                                       <a:s r="163">
                                          <a:s>TSHAbnormal</a:s>
                                       </a:s>
                                       <a:s>.</a:s>
                                       <a:s r="164">
                                          <a:s>relevantDatetime</a:s>
                                       </a:s>
                                    </a:s>
                                 </a:s>
                              </a:s>
                              <a:s>
          )</a:s>
                           </a:s>
                        </a:s>
                     </a:s>
                     <a:s>
    )</a:s>
                  </a:s>
               </a:s>
            </a:s>
         </annotation>
         <expression localId="170" locator="66:3-72:5" xsi:type="Union">
            <operand localId="151" locator="66:3-66:14" name="Normal TSH" xsi:type="ExpressionRef"/>
            <operand localId="169" locator="67:11-72:5" xsi:type="Query">
               <source localId="153" locator="67:13-67:38" alias="TSHAbnormal">
                  <expression localId="152" locator="67:13-67:26" name="Abnormal TSH" xsi:type="ExpressionRef"/>
               </source>
               <relationship localId="168" locator="68:9-71:11" alias="FreeT4" xsi:type="With">
                  <expression localId="154" locator="68:14-68:27" name="Free T4 Test" xsi:type="ExpressionRef"/>
                  <suchThat localId="167" locator="69:21-71:11" xsi:type="Or">
                     <operand localId="160" locator="69:23-69:82" xsi:type="SameAs">
                        <operand localId="157" locator="69:23-69:45" path="relevantDatetime" scope="FreeT4" xsi:type="Property"/>
                        <operand localId="159" locator="69:55-69:82" path="relevantDatetime" scope="TSHAbnormal" xsi:type="Property"/>
                     </operand>
                     <operand localId="166" locator="70:18-70:90" xsi:type="And">
                        <operand locator="70:42-70:55" xsi:type="In">
                           <operand localId="162" locator="70:18-70:40" path="relevantDatetime" scope="FreeT4" xsi:type="Property"/>
                           <operand locator="70:42-70:55" lowClosed="false" highClosed="true" xsi:type="Interval">
                              <low localId="164" locator="70:63-70:90" path="relevantDatetime" scope="TSHAbnormal" xsi:type="Property"/>
                              <high locator="70:75-70:90" xsi:type="Add">
                                 <operand localId="164" locator="70:63-70:90" path="relevantDatetime" scope="TSHAbnormal" xsi:type="Property"/>
                                 <operand localId="165" locator="70:42-70:47" value="1" unit="week" xsi:type="Quantity"/>
                              </high>
                           </operand>
                        </operand>
                        <operand locator="70:42-70:55" xsi:type="Not">
                           <operand locator="70:42-70:55" xsi:type="IsNull">
                              <operand localId="164" locator="70:63-70:90" path="relevantDatetime" scope="TSHAbnormal" xsi:type="Property"/>
                           </operand>
                        </operand>
                     </operand>
                  </suchThat>
               </relationship>
            </operand>
         </expression>
      </def>
      <def localId="177" locator="78:1-79:57" name="Required Number Bins" context="Patient" accessLevel="Public">
         <annotation xsi:type="a:Annotation">
            <a:s r="177">
               <a:s>define &quot;Required Number Bins&quot;:
  </a:s>
               <a:s r="176">
                  <a:s r="174">
                     <a:s>( </a:s>
                     <a:s r="174">
                        <a:s>weeks between </a:s>
                        <a:s r="172">
                           <a:s>&quot;Start of ICI&quot;</a:s>
                        </a:s>
                        <a:s> and </a:s>
                        <a:s r="173">
                           <a:s>&quot;End of ICI&quot;</a:s>
                        </a:s>
                     </a:s>
                     <a:s> )</a:s>
                  </a:s>
                  <a:s r="175"> div 8</a:s>
               </a:s>
            </a:s>
         </annotation>
         <expression localId="176" locator="79:3-79:57" xsi:type="TruncatedDivide">
            <operand localId="174" locator="79:3-79:51" precision="Week" xsi:type="DurationBetween">
               <operand localId="172" locator="79:19-79:32" name="Start of ICI" xsi:type="ExpressionRef"/>
               <operand localId="173" locator="79:38-79:49" name="End of ICI" xsi:type="ExpressionRef"/>
            </operand>
            <operand localId="175" locator="79:57" valueType="t:Integer" value="8" xsi:type="Literal"/>
         </expression>
      </def>
      <def localId="208" locator="98:1-105:3" name="TSH and Bin Number" context="Patient" accessLevel="Public">
         <annotation xsi:type="a:Annotation">
            <a:s r="208">
               <a:s>define &quot;TSH and Bin Number&quot;:
  </a:s>
               <a:s r="207">
                  <a:s>distinct </a:s>
                  <a:s r="206">
                     <a:s>( </a:s>
                     <a:s r="206">
                        <a:s>
                           <a:s r="180">
                              <a:s r="179">
                                 <a:s>
                                    <a:s>&quot;Normal TSH or Abnormal TSH&quot;</a:s>
                                 </a:s>
                              </a:s>
                              <a:s> TSH</a:s>
                           </a:s>
                        </a:s>
                        <a:s>
      </a:s>
                        <a:s r="195">
                           <a:s>where </a:s>
                           <a:s r="195">
                              <a:s>exists </a:s>
                              <a:s r="194">
                                 <a:s>( </a:s>
                                 <a:s r="194">
                                    <a:s>
                                       <a:s r="182">
                                          <a:s r="181">
                                             <a:s>
                                                <a:s>&quot;Normal TSH or Abnormal TSH&quot;</a:s>
                                             </a:s>
                                          </a:s>
                                          <a:s> PriorTSH</a:s>
                                       </a:s>
                                    </a:s>
                                    <a:s>
          </a:s>
                                    <a:s r="193">
                                       <a:s>where </a:s>
                                       <a:s r="193">
                                          <a:s r="187">
                                             <a:s r="184">
                                                <a:s r="183">
                                                   <a:s>PriorTSH</a:s>
                                                </a:s>
                                                <a:s>.</a:s>
                                                <a:s r="184">
                                                   <a:s>relevantDatetime</a:s>
                                                </a:s>
                                             </a:s>
                                             <a:s> </a:s>
                                             <a:s r="187">
                                                <a:s r="186">
                                                   <a:s>8 weeks</a:s>
                                                </a:s>
                                                <a:s> or less after day of</a:s>
                                             </a:s>
                                             <a:s> </a:s>
                                             <a:s r="185">
                                                <a:s>&quot;Start of ICI&quot;</a:s>
                                             </a:s>
                                          </a:s>
                                          <a:s>
            or </a:s>
                                          <a:s r="192">
                                             <a:s r="189">
                                                <a:s r="188">
                                                   <a:s>TSH</a:s>
                                                </a:s>
                                                <a:s>.</a:s>
                                                <a:s r="189">
                                                   <a:s>relevantDatetime</a:s>
                                                </a:s>
                                             </a:s>
                                             <a:s> </a:s>
                                             <a:s r="192">
                                                <a:s r="191">
                                                   <a:s>9 weeks</a:s>
                                                </a:s>
                                                <a:s> or more after day of</a:s>
                                             </a:s>
                                             <a:s> </a:s>
                                             <a:s r="190">
                                                <a:s>&quot;Start of ICI&quot;</a:s>
                                             </a:s>
                                          </a:s>
                                       </a:s>
                                    </a:s>
                                 </a:s>
                                 <a:s>
      )</a:s>
                              </a:s>
                           </a:s>
                        </a:s>
                        <a:s>
      </a:s>
                        <a:s r="205">
                           <a:s>return </a:s>
                           <a:s r="204">
                              <a:s>( </a:s>
                              <a:s r="204">
                                 <a:s r="202">
                                    <a:s>( </a:s>
                                    <a:s r="202">
                                       <a:s r="200">
                                          <a:s>Ceiling(</a:s>
                                          <a:s r="199">
                                             <a:s>weeks between </a:s>
                                             <a:s r="196">
                                                <a:s>&quot;Start of ICI&quot;</a:s>
                                             </a:s>
                                             <a:s> and </a:s>
                                             <a:s r="198">
                                                <a:s r="197">
                                                   <a:s>TSH</a:s>
                                                </a:s>
                                                <a:s>.</a:s>
                                                <a:s r="198">
                                                   <a:s>relevantDatetime</a:s>
                                                </a:s>
                                             </a:s>
                                          </a:s>
                                          <a:s>)</a:s>
                                       </a:s>
                                       <a:s r="201">div 8</a:s>
                                    </a:s>
                                    <a:s> )</a:s>
                                 </a:s>
                                 <a:s r="203"> + 1</a:s>
                              </a:s>
                              <a:s> )</a:s>
                           </a:s>
                        </a:s>
                     </a:s>
                     <a:s>
  )</a:s>
                  </a:s>
               </a:s>
            </a:s>
         </annotation>
         <expression localId="207" locator="99:3-105:3" xsi:type="Distinct">
            <operand localId="206" locator="99:12-105:3" xsi:type="Query">
               <source localId="180" locator="99:14-99:45" alias="TSH">
                  <expression localId="179" locator="99:14-99:41" name="Normal TSH or Abnormal TSH" xsi:type="ExpressionRef"/>
               </source>
               <where localId="195" locator="100:7-103:7" xsi:type="Exists">
                  <operand localId="194" locator="100:20-103:7" xsi:type="Query">
                     <source localId="182" locator="100:22-100:58" alias="PriorTSH">
                        <expression localId="181" locator="100:22-100:49" name="Normal TSH or Abnormal TSH" xsi:type="ExpressionRef"/>
                     </source>
                     <where localId="193" locator="101:11-102:79" xsi:type="Or">
                        <operand localId="187" locator="101:17-101:85" xsi:type="And">
                           <operand locator="101:43-101:57" precision="Day" xsi:type="In">
                              <operand localId="184" locator="101:17-101:41" path="relevantDatetime" scope="PriorTSH" xsi:type="Property"/>
                              <operand locator="101:43-101:57" lowClosed="false" highClosed="true" xsi:type="Interval">
                                 <low localId="185" locator="101:72-101:85" name="Start of ICI" xsi:type="ExpressionRef"/>
                                 <high locator="101:72-101:85" xsi:type="Add">
                                    <operand localId="185" locator="101:72-101:85" name="Start of ICI" xsi:type="ExpressionRef"/>
                                    <operand localId="186" locator="101:43-101:49" value="8" unit="weeks" xsi:type="Quantity"/>
                                 </high>
                              </operand>
                           </operand>
                           <operand locator="101:43-101:57" xsi:type="Not">
                              <operand locator="101:43-101:57" xsi:type="IsNull">
                                 <operand localId="185" locator="101:72-101:85" name="Start of ICI" xsi:type="ExpressionRef"/>
                              </operand>
                           </operand>
                        </operand>
                        <operand localId="192" locator="102:16-102:79" precision="Day" xsi:type="SameOrAfter">
                           <operand localId="189" locator="102:16-102:35" path="relevantDatetime" scope="TSH" xsi:type="Property"/>
                           <operand locator="102:66-102:79" xsi:type="Add">
                              <operand localId="190" locator="102:66-102:79" name="Start of ICI" xsi:type="ExpressionRef"/>
                              <operand localId="191" locator="102:37-102:43" value="9" unit="weeks" xsi:type="Quantity"/>
                           </operand>
                        </operand>
                     </where>
                  </operand>
               </where>
               <return localId="205" locator="104:7-104:92">
                  <expression localId="204" locator="104:14-104:92" xsi:type="Add">
                     <operand localId="202" locator="104:16-104:86" xsi:type="TruncatedDivide">
                        <operand localId="200" locator="104:18-104:79" xsi:type="Ceiling">
                           <operand xsi:type="ToDecimal">
                              <operand localId="199" locator="104:26-104:78" precision="Week" xsi:type="DurationBetween">
                                 <operand localId="196" locator="104:40-104:53" name="Start of ICI" xsi:type="ExpressionRef"/>
                                 <operand localId="198" locator="104:59-104:78" path="relevantDatetime" scope="TSH" xsi:type="Property"/>
                              </operand>
                           </operand>
                        </operand>
                        <operand localId="201" locator="104:84" valueType="t:Integer" value="8" xsi:type="Literal"/>
                     </operand>
                     <operand localId="203" locator="104:90" valueType="t:Integer" value="1" xsi:type="Literal"/>
                  </expression>
               </return>
            </operand>
         </expression>
      </def>
      <def localId="218" locator="74:1-76:52" name="Numerator" context="Patient" accessLevel="Public">
         <annotation xsi:type="a:Annotation">
            <a:s r="218">
               <a:s>define &quot;Numerator&quot;:
  </a:s>
               <a:s r="217">
                  <a:s r="211">
                     <a:s r="178">
                        <a:s>( </a:s>
                        <a:s r="178">
                           <a:s>&quot;Required Number Bins&quot;</a:s>
                        </a:s>
                        <a:s> )</a:s>
                     </a:s>
                     <a:s> &lt;= </a:s>
                     <a:s r="210">
                        <a:s>Count(</a:s>
                        <a:s r="209">
                           <a:s>&quot;TSH and Bin Number&quot;</a:s>
                        </a:s>
                        <a:s>)</a:s>
                     </a:s>
                  </a:s>
                  <a:s>
    and </a:s>
                  <a:s r="216">
                     <a:s r="213">
                        <a:s>Count(</a:s>
                        <a:s r="212">
                           <a:s>&quot;Abnormal TSH&quot;</a:s>
                        </a:s>
                        <a:s>)</a:s>
                     </a:s>
                     <a:s>= </a:s>
                     <a:s r="215">
                        <a:s>Count(</a:s>
                        <a:s r="214">
                           <a:s>&quot;Free T4 Test&quot;</a:s>
                        </a:s>
                        <a:s>)</a:s>
                     </a:s>
                  </a:s>
               </a:s>
            </a:s>
         </annotation>
         <expression localId="217" locator="75:3-76:52" xsi:type="And">
            <operand localId="211" locator="75:3-75:59" xsi:type="LessOrEqual">
               <operand localId="178" locator="75:3-75:28" name="Required Number Bins" xsi:type="ExpressionRef"/>
               <operand localId="210" locator="75:33-75:59" xsi:type="Count">
                  <source localId="209" locator="75:39-75:58" name="TSH and Bin Number" xsi:type="ExpressionRef"/>
               </operand>
            </operand>
            <operand localId="216" locator="76:9-76:52" xsi:type="Equal">
               <operand localId="213" locator="76:9-76:29" xsi:type="Count">
                  <source localId="212" locator="76:15-76:28" name="Abnormal TSH" xsi:type="ExpressionRef"/>
               </operand>
               <operand localId="215" locator="76:32-76:52" xsi:type="Count">
                  <source localId="214" locator="76:38-76:51" name="Free T4 Test" xsi:type="ExpressionRef"/>
               </operand>
            </operand>
         </expression>
      </def>
      <def localId="220" locator="81:1-82:51" name="SDE Ethnicity" context="Patient" accessLevel="Public">
         <annotation xsi:type="a:Annotation">
            <a:s r="220">
               <a:s>define &quot;SDE Ethnicity&quot;:
  </a:s>
               <a:s r="219">
                  <a:s>[&quot;Patient Characteristic Ethnicity&quot;: </a:s>
                  <a:s>
                     <a:s>&quot;Ethnicity&quot;</a:s>
                  </a:s>
                  <a:s>]</a:s>
               </a:s>
            </a:s>
         </annotation>
         <expression localId="219" locator="82:3-82:51" xmlns:ns6="urn:healthit-gov:qdm:v5_5" dataType="ns6:PatientCharacteristicEthnicity" codeProperty="code" xsi:type="Retrieve">
            <codes locator="82:40-82:50" name="Ethnicity" xsi:type="ValueSetRef"/>
         </expression>
      </def>
      <def localId="222" locator="84:1-85:43" name="SDE Payer" context="Patient" accessLevel="Public">
         <annotation xsi:type="a:Annotation">
            <a:s r="222">
               <a:s>define &quot;SDE Payer&quot;:
  </a:s>
               <a:s r="221">
                  <a:s>[&quot;Patient Characteristic Payer&quot;: </a:s>
                  <a:s>
                     <a:s>&quot;Payer&quot;</a:s>
                  </a:s>
                  <a:s>]</a:s>
               </a:s>
            </a:s>
         </annotation>
         <expression localId="221" locator="85:3-85:43" xmlns:ns7="urn:healthit-gov:qdm:v5_5" dataType="ns7:PatientCharacteristicPayer" codeProperty="code" xsi:type="Retrieve">
            <codes locator="85:36-85:42" name="Payer" xsi:type="ValueSetRef"/>
         </expression>
      </def>
      <def localId="224" locator="87:1-88:41" name="SDE Race" context="Patient" accessLevel="Public">
         <annotation xsi:type="a:Annotation">
            <a:s r="224">
               <a:s>define &quot;SDE Race&quot;:
  </a:s>
               <a:s r="223">
                  <a:s>[&quot;Patient Characteristic Race&quot;: </a:s>
                  <a:s>
                     <a:s>&quot;Race&quot;</a:s>
                  </a:s>
                  <a:s>]</a:s>
               </a:s>
            </a:s>
         </annotation>
         <expression localId="223" locator="88:3-88:41" xmlns:ns8="urn:healthit-gov:qdm:v5_5" dataType="ns8:PatientCharacteristicRace" codeProperty="code" xsi:type="Retrieve">
            <codes locator="88:35-88:40" name="Race" xsi:type="ValueSetRef"/>
         </expression>
      </def>
      <def localId="226" locator="90:1-91:58" name="SDE Sex" context="Patient" accessLevel="Public">
         <annotation xsi:type="a:Annotation">
            <a:s r="226">
               <a:s>define &quot;SDE Sex&quot;:
  </a:s>
               <a:s r="225">
                  <a:s>[&quot;Patient Characteristic Sex&quot;: </a:s>
                  <a:s>
                     <a:s>&quot;ONC Administrative Sex&quot;</a:s>
                  </a:s>
                  <a:s>]</a:s>
               </a:s>
            </a:s>
         </annotation>
         <expression localId="225" locator="91:3-91:58" xmlns:ns9="urn:healthit-gov:qdm:v5_5" dataType="ns9:PatientCharacteristicSex" codeProperty="code" xsi:type="Retrieve">
            <codes locator="91:34-91:57" name="ONC Administrative Sex" xsi:type="ValueSetRef"/>
         </expression>
      </def>
   </statements>
</library>
